cx_trip_id,cx_vin,cx_vehicle_oem,cx_start_timestamp,cx_end_timestamp,cx_start_longitude_latitude[0],cx_start_longitude_latitude[1],cx_end_longitude_latitude[0],cx_end_longitude_latitude[1],cx_fuel_type_indicator,cx_start_odometer,cx_end_odometer,cx_trip_distance,cx_avg_vehicle_speed,cx_rapid_acceleration_count,cx_harsh_braking_count,cx_harsh_cornering_count,cx_os_55,cx_os_60,cx_os_90,cx_os_75_90,cx_os_80,cx_os_120,cx_avg_acceleration,cx_driver_violations,cx_passenger_violations,cx_ev_range,cx_ev_level,cx_seatbelt_status,cx_idling_count,cx_idling_duration,cx_overspeeding_count_80,cx_overspeeding_count_120,cx_overspeeding_count_137,cx_tyre_status.fl_tirepress,cx_tyre_status.fr_tirepress,cx_tyre_status.rl_tirepress,cx_tyre_status.rr_tirepress,cx_night_perc,cx_dist_service,cx_avg_battery_level,cx_avg_coolant_temp,cx_avg_engine_load,cx_distance_to_empty,cx_occupancy,cx_duration,cx_fuel_percentage_remaining,cx_date_to_service,cx_fuel_level,cx_fuel_consumed,cx_remaining_engine_oil_life,cx_night_distance,cx_collision_count,cx_ev_battery_consumed,cx_ev_battery_recharged,cx_fuel_used_cost,cx_alerts[0].alert_id,cx_alerts[0].alert_description,cx_alerts[0].alert_timestamp,cx_alerts[0].alert_location[0],cx_alerts[0].alert_location[1]
FF_65C4A689213F11EF840241FBD919B19A,1FMCU0H68MUB15692,Ford_pro,2024-06-03T00:22:19.000Z,2024-06-03T00:32:32.242Z,-97.61234666666667,35.6077,-97.69901666666667,35.615608333333334,percentage,75279,75288,9,52.83,0,0,0,3,0,0,0,0,0,0.05,1,1,-1,-1,1,1,17,2,0,0,29.7,30,30.3,29.7,613.24,-1,14.37,66.93,1541.93,-1,1,613,87.8,-1,87.8,2.299999999999997,5,9,0,-1,-1,0,,,,,
FF_2215DFB2214311EF840241FBD919B19A,1FMCU0H68MUB15692,Ford_pro,2024-06-03T00:49:26.352Z,2024-06-03T00:59:53.042Z,-97.69901666666667,35.615608333333334,-97.61230666666667,35.607701666666664,percentage,75288,75296,8,45.96,0,1,0,2,0,0,0,0,0,-0.3,1,1,-1,-1,1,4,50,3,0,0,31.2,31.6,31.2,30.7,626.69,-1,14.26,87.72,1495.1,-1,1,627,85.5,-1,85.5,2.299999999999997,4,8,0,-1,-1,0,,,,,
FF_08C223BB21A911EF840241FBD919B19A,1FMCU0H68MUB15692,Ford_pro,2024-06-03T12:58:53.467Z,2024-06-03T13:08:15.458Z,-97.61230666666667,35.607701666666664,-97.54678,35.636785,percentage,75296,75305,9,57.65,0,0,0,4,4,0,2,1,0,0.17,0,1,-1,-1,1,5,105,1,1,0,29.9,30.7,30.5,29.9,0,-1,14.25,70.26,1499.35,-1,1,562,82.9,-1,82.9,2.5999999999999943,4,0,0,-1,-1,2.0928234183999956,,,,,
FF_907CEEFC21F511EF840241FBD919B19A,1FMCU0H68MUB15692,Ford_pro,2024-06-03T22:06:44.373Z,2024-06-03T22:19:44.296Z,-97.54678,35.636785,-97.612385,35.60769166666667,percentage,75305,75315,10,46.16,0,0,0,0,0,0,0,0,0,-0.02,1,1,-1,-1,1,8,163,2,0,0,29.4,29.9,29.9,29.4,779.92,-1,14.24,75.13,1330.04,-1,1,780,79.9,-1,79.9,3,4,10,0,-1,-1,2.4147962520000004,,,,,
FF_B667638C21FE11EF840241FBD919B19A,1FMCU0H68MUB15692,Ford_pro,2024-06-03T23:12:09.692Z,2024-06-04T00:11:33.130Z,-97.612385,35.60769166666667,-97.7668,35.49525666666667,percentage,75315,75344,29,29.3,0,0,0,26,26,0,20,7,0,0,2,1,-1,-1,1,6,70,1,3,0,31.9,32.5,31.6,31.5,3563.44,-1,14.22,89.24,1255.65,-1,1,3563,71,-1,71,8.900000000000006,4,29,0,-1,-1,7.1638955476000055,,,,,
FF_C86AFD2A220F11EF840241FBD919B19A,1FMCU0H68MUB15692,Ford_pro,2024-06-04T01:14:18.584Z,2024-06-04T01:35:06.392Z,-97.7668,35.49525666666667,-97.612275,35.607656666666664,percentage,75344,75375,31,89.44,0,1,0,26,26,0,21,3,0,-0.14,1,1,-1,-1,1,5,115,2,2,0,31.3,31.3,30.9,30,1247.81,-1,14.02,88.58,1768.07,-1,1,1248,66.2,-1,66.2,4.799999999999997,4,31,0,-1,-1,0,,,,,
FF_8B5F45B1229E11EF840241FBD919B19A,1FMCU0H68MUB15692,Ford_pro,2024-06-04T18:15:58.000Z,2024-06-04T18:26:56.813Z,-97.612275,35.607656666666664,-97.56962666666666,35.60838666666667,percentage,75375,75379,4,21.86,0,0,0,1,0,0,0,0,0,0.03,2,1,-1,-1,1,3,61,1,0,0,29.9,30.5,30.5,29.9,0,-1,14.23,63.83,1309.66,-1,1,659,65.4,-1,65.4,0.7999999999999972,4,0,0,-1,-1,0.6403529279999977,,,,,
FF_F0C4D60A22A711EF840241FBD919B19A,1FMCU0H68MUB15692,Ford_pro,2024-06-04T19:23:32.668Z,2024-06-04T19:34:47.766Z,-97.56962666666666,35.60838666666667,-97.61230833333333,35.607713333333336,percentage,75379,75384,5,26.66,2,0,0,0,0,0,0,0,0,0.24,2,1,-1,-1,1,6,132,0,0,0,31.1,31.700000000000003,31.2,30.85,0,-1,14.26,82.83,1266.34,-1,1,675,64.3,-1,64.3,1.1000000000000085,4,0,0,-1,-1,0.8804852760000068,10103,gps_signal_lost,2024-06-04T19:23:48.379000Z,-999,-999
FF_348CEC7822C211EF840241FBD919B19A,1FMCU0H68MUB15692,Ford_pro,2024-06-04T22:31:33.731Z,2024-06-04T22:48:19.063Z,-97.61230833333333,35.607713333333336,-97.64026166666666,35.55647,percentage,75384,75393,9,32.23,0,0,0,1,0,0,0,0,0,0.02,1,1,-1,-1,1,9,314,1,0,0,31.5,32.2,31.5,31.2,1005.33,-1,14.02,82.15,1316.79,-1,1,1005,62.6,-1,62.6,1.6999999999999957,4,9,0,-1,-1,1.3607499719999965,,,,,
FF_94C0E1CF22CE11EF840241FBD919B19A,1FMCU0H68MUB15692,Ford_pro,2024-06-04T23:59:51.000Z,2024-06-05T00:17:51.286Z,-97.64022,35.55647,-97.612335,35.607701666666664,percentage,75393,75401,8,26.66,0,0,0,0,0,0,0,0,0,-0.12,2,1,-1,-1,1,9,408,2,0,0,32.3,32.8,31.8,32.1,1080.29,-1,13.96,86.32,1228.12,-1,1,1080,60.7,-1,60.7,1.8999999999999986,4,8,0,-1,-1,1.5208382039999988,,,,,
FF_EE198CF6233911EF840241FBD919B19A,1FMCU0H68MUB15692,Ford_pro,2024-06-05T12:48:38.300Z,2024-06-05T12:59:27.618Z,-97.612335,35.607701666666664,-97.54691166666667,35.63699166666667,percentage,75401,75410,9,49.9,0,0,0,5,4,0,0,0,0,-0.19,2,1,-1,-1,1,5,145,3,0,0,30.4,31.15,30.7,30.2,0,-1,14.25,76.78,1585.03,-1,1,649,58.9,-1,58.9,1.8000000000000043,4,0,0,-1,-1,1.4412695976000036,,,,,
FF_C02DDCAC235C11EF840241FBD919B19A,1FMCU0H68MUB15692,Ford_pro,2024-06-05T16:57:53.733Z,2024-06-05T17:05:05.903Z,-97.54691166666667,35.63699166666667,-97.56759,35.614846666666665,percentage,75410,75414,4,33.32,1,0,0,0,0,0,0,0,0,-0.02,1,1,-1,-1,1,5,51,0,0,0,31.2,31.55,31.35,30.6,0,-1,14.11,69.52,1315.94,-1,1,432,58,-1,58,0.8999999999999986,4,0,0,-1,-1,0.720634798799999,,,,,
FF_5DA05EB4236311EF840241FBD919B19A,1FMCU0H68MUB15692,Ford_pro,2024-06-05T17:45:11.725Z,2024-06-05T17:52:14.840Z,-97.56759,35.614846666666665,-97.54692666666666,35.63697166666667,percentage,75414,75419,5,42.54,0,0,0,0,0,0,0,0,0,-0.31,2,2,-1,-1,1,4,44,1,0,0,31.8,32.15,31.8,31,0,-1,14.1,86.03,1395.33,-1,1,423,57.1,-1,57.1,0.8999999999999986,4,0,0,-1,-1,0.720634798799999,,,,,
FF_B125198B236C11EF840241FBD919B19A,1FMCU0H68MUB15692,Ford_pro,2024-06-05T18:51:24.736Z,2024-06-05T18:51:57.198Z,-97.49553166666666,35.56249833333333,-97.49553166666666,35.56249833333333,percentage,75432,75432,0,0,0,0,0,-1,-1,-1,-1,-1,-1,-0.3,1,1,-1,-1,1,0,0,-1,-1,-1,33.4,33.9,32.6,32.5,0,-1,13.45,89.5,946,-1,1,32,54.8,-1,54.8,0,4,-1,0,-1,-1,0,,,,,
FF_766B85AC236A11EF840241FBD919B19A,1FMCU0H68MUB15692,Ford_pro,2024-06-05T18:35:59.695Z,2024-06-05T18:51:10.324Z,-97.54692666666666,35.63697166666667,-97.49553166666666,35.56249833333333,percentage,75419,75432,13,51.39,0,1,0,6,5,0,0,0,0,-0.23,1,1,-1,-1,1,5,168,1,0,0,32.1,32.8,31.8,31.3,0,-1,14.05,89.2,1506,-1,1,911,54.8,-1,54.8,2.3000000000000043,4,0,0,-1,-1,1.8416222636000037,,,,,
FF_CDA151AA237711EF840241FBD919B19A,1FMCU0H68MUB15692,Ford_pro,2024-06-05T20:11:29.699Z,2024-06-05T20:25:54.693Z,-97.49553166666666,35.56249833333333,-97.546965,35.636966666666666,percentage,75432,75446,14,58.27,0,0,0,4,3,0,0,0,0,-0.04,2,0,-1,-1,1,4,88,1,0,0,32.5,33.9,32.75,32.5,864.99,-1,13.93,86.51,1646.36,-1,1,865,52.6,-1,52.6,2.1999999999999957,3,14,0,-1,-1,1.7615517303999968,,,,,
FF_8FF007E8238B11EF840241FBD919B19A,1FMCU0H68MUB15692,Ford_pro,2024-06-05T22:32:55.724Z,2024-06-05T22:45:19.571Z,-97.546965,35.636966666666666,-97.61237666666666,35.60767166666667,percentage,75446,75455,9,43.56,1,2,0,0,0,0,0,0,0,-0.2,1,1,-1,-1,1,6,137,1,0,0,31.6,32.2,32.9,32.5,743.85,-1,13.43,87.2,1486.24,-1,1,744,50.8,-1,50.8,1.8000000000000043,3,9,0,-1,-1,1.4412695976000036,,,,,
FF_68BBBA48239811EF840241FBD919B19A,1FMCU0H68MUB15692,Ford_pro,2024-06-06T00:04:53.686Z,2024-06-06T00:13:41.846Z,-97.61237833333334,35.60767,-97.61217666666667,35.58844666666667,percentage,75455,75459,4,27.26,1,0,0,0,0,0,0,0,0,0.13,2,1,-1,-1,1,3,46,0,0,0,32.85,33.3,32.35,31.95,528.16,-1,13.26,86.18,1350.55,-1,1,528,49.7,-1,49.7,1.0999999999999943,3,4,0,-1,-1,0,,,,,
FF_EC8D38F623A211EF840241FBD919B19A,1FMCU0H68MUB15692,Ford_pro,2024-06-06T01:20:10.678Z,2024-06-06T01:29:41.943Z,-97.61217666666667,35.58844666666667,-97.61226333333333,35.6077,percentage,75459,75463,4,25.21,0,0,0,0,0,0,0,0,0,-0.42,1,1,-1,-1,1,3,44,0,0,0,32.6,33.2,32.2,31.6,571.26,-1,13.4,87.91,1280.06,-1,1,571,48.9,-1,48.9,0.8000000000000043,3,4,0,-1,-1,0,,,,,
FF_986349B423FC11EF840241FBD919B19A,1FMCU0H68MUB15692,Ford_pro,2024-06-06T12:02:06.360Z,2024-06-06T12:13:35.272Z,-97.61226333333333,35.6077,-97.54689166666667,35.63688166666667,percentage,75463,75473,10,52.26,0,0,0,4,4,0,2,0,0,0.19,2,1,-1,-1,1,5,116,1,1,0,30.8,31.25,30.85,30.4,0,-1,13.54,75.89,1506.96,-1,1,689,47.2,-1,47.2,1.6999999999999957,3,0,0,-1,-1,1.3580554175999966,,,,,
FF_979C07CA243B11EF840241FBD919B19A,1FMCU0H68MUB15692,Ford_pro,2024-06-06T19:33:02.695Z,2024-06-06T19:57:28.603Z,-97.54689166666667,35.63688166666667,-97.51217166666666,35.46702,percentage,75473,75496,23,56.48,0,0,0,14,13,0,0,0,0,-0.12,2,1,-1,-1,1,6,118,1,0,0,31.5,31.8,32.1,31,0,-1,13.35,84.4,1451.63,-1,1,1466,43.5,-1,43.5,3.700000000000003,3,0,0,-1,-1,2.9557676736000027,10103,gps_signal_lost,2024-06-06T19:40:42.276000Z,-97.53101833333334,35.606091666666664
FF_34044A13244C11EF840241FBD919B19A,1FMCU0H68MUB15692,Ford_pro,2024-06-06T21:31:26.756Z,2024-06-06T21:35:26.050Z,-97.57805333333333,35.638506666666665,-97.546965,35.636878333333335,percentage,75523,75526,3,45.13,0,0,0,0,0,0,0,0,0,-0.04,1,1,-1,-1,1,1,66,0,0,0,,,,,239.29,-1,13.35,89.73,1380,-1,1,239,39.6,-1,39.6,0.29999999999999716,0,3,0,-1,-1,0.23965683839999777,,,,,
FF_DCBC71F2244811EF840241FBD919B19A,1FMCU0H68MUB15692,Ford_pro,2024-06-06T21:08:01.674Z,2024-06-06T21:30:57.720Z,-97.51217166666666,35.46702,-97.58490333333333,35.638515,percentage,75496,75523,27,70.64,0,0,0,18,17,0,0,0,0,-0.18,1,1,-1,-1,1,2,144,2,0,0,32.5,33.2,33.6,33.1,1376.05,-1,13.49,88.94,1672.87,-1,1,1376,40.1,-1,40.1,3.3999999999999986,3,27,0,-1,-1,2.716110835199999,,,,,
FF_1975E11E245311EF840241FBD919B19A,1FMCU0H68MUB15692,Ford_pro,2024-06-06T22:21:18.640Z,2024-06-06T22:29:35.444Z,-97.546965,35.636878333333335,-97.5719,35.65956833333333,percentage,75526,75531,5,36.23,1,0,0,0,0,0,0,0,0,-0.02,1,1,-1,-1,1,4,91,0,0,0,34.2,34.2,33.5,33.1,496.8,-1,13.2,88.2,1488.76,-1,1,497,38.6,-1,38.6,1,3,5,0,-1,-1,0.798856128,,,,,
FF_2E0A13DC245511EF840241FBD919B19A,1FMCU0H68MUB15692,Ford_pro,2024-06-06T22:36:12.828Z,2024-06-06T22:46:38.547Z,-97.5719,35.65956833333333,-97.58441833333333,35.63708333333334,percentage,75531,75536,5,28.77,1,0,0,0,0,0,0,0,0,0.05,2,2,-1,-1,1,4,122,2,0,0,33.5,33.5,32.65,32.3,625.72,-1,13.12,90.44,1340.91,-1,1,626,37.7,-1,37.7,0.8999999999999986,3,5,0,-1,-1,0.7189705151999989,,,,,
FF_B519C5B8245D11EF840241FBD919B19A,1FMCU0H68MUB15692,Ford_pro,2024-06-06T23:37:14.723Z,2024-06-06T23:44:54.708Z,-97.58441833333333,35.63708333333334,-97.612365,35.607881666666664,percentage,75536,75542,6,46.96,1,0,0,2,2,0,0,0,0,-0.02,1,1,-1,-1,1,4,43,1,0,0,33.45,33.5,32.65,32.15,459.99,-1,13.2,87.14,1451.31,-1,1,460,36.5,-1,36.5,1.2000000000000028,3,6,0,-1,-1,0.9586273536000023,,,,,
FF_2BC7D11A246211EF840241FBD919B19A,1FMCU0H68MUB15692,Ford_pro,2024-06-07T00:09:11.797Z,2024-06-07T00:21:35.251Z,-97.612365,35.607881666666664,-97.57195,35.65955833333334,percentage,75542,75552,10,48.42,0,0,0,2,2,0,1,0,0,-0.19,2,2,-1,-1,1,5,142,2,1,0,33.45,33.5,32.65,32.05,743.45,-1,13.06,89.88,1451.05,-1,1,743,34.8,-1,34.8,1.7000000000000028,3,10,0,-1,-1,0,,,,,
FF_A87DF97E24CF11EF840241FBD919B19A,1FMCU0H68MUB15692,Ford_pro,2024-06-07T13:12:57.231Z,2024-06-07T13:29:58.270Z,-97.57195,35.65955833333334,-97.491865,35.682338333333334,percentage,75552,75563,11,38.78,0,1,0,0,0,0,0,0,0,-0.02,1,1,-1,-1,1,4,137,2,0,0,30.75,31.15,30.8,30.2,0,-1,13.46,77.12,1471.69,-1,1,1021,32.8,-1,32.8,2,3,0,0,-1,-1,1.587145376,,,,,
FF_9D63F0B624D411EF840241FBD919B19A,1FMCU0H68MUB15692,Ford_pro,2024-06-07T13:48:23.782Z,2024-06-07T14:00:14.064Z,-97.491865,35.682338333333334,-97.54693666666667,35.6369,percentage,75563,75573,10,50.68,0,0,1,0,0,0,0,0,0,-0.05,2,1,-1,-1,1,2,65,2,0,0,31.5,31.8,31.3,30.7,0,-1,13.39,88.74,1441.88,-1,1,710,31.4,-1,31.4,1.3999999999999986,3,0,0,-1,-1,1.111001763199999,,,,,
FF_D649BF13251111EF840241FBD919B19A,1FMCU0H68MUB15692,Ford_pro,2024-06-07T21:06:35.000Z,2024-06-07T21:21:01.127Z,-97.54693666666667,35.6369,-97.49513166666667,35.62428666666667,percentage,75573,75580,7,29.1,0,0,0,0,0,0,0,0,0,-0.08,1,1,-1,-1,1,7,265,0,0,0,31.3,32.8,31.5,32.1,866.13,-1,13.86,85.65,1298.72,-1,1,866,30,-1,30,1.3999999999999986,3,7,0,-1,-1,1.111001763199999,,,,,
FF_2E720EFE251A11EF840241FBD919B19A,1FMCU0H68MUB15692,Ford_pro,2024-06-07T22:06:22.779Z,2024-06-07T22:27:02.025Z,-97.58138333333333,35.615943333333334,-97.49641666666666,35.62315,percentage,75598,75607,9,26.14,0,0,0,0,0,0,0,0,0,-0.12,1,1,-1,-1,1,11,285,0,0,0,33.6,34.4,33.2,32.9,1239.25,-1,13.28,89.8,1195.4,-1,1,1239,24.9,-1,24.9,1.7000000000000028,3,9,0,-1,-1,1.3490735696000025,,,,,
FF_5B84BAB2251511EF840241FBD919B19A,1FMCU0H68MUB15692,Ford_pro,2024-06-07T21:31:42.812Z,2024-06-07T22:01:31.303Z,-97.49513166666667,35.62428666666667,-97.58138333333333,35.615943333333334,percentage,75580,75598,18,36.23,0,0,0,1,1,0,0,0,0,0.02,3,2,-1,-1,1,9,504,2,0,0,32.9,33.6,32.6,32.6,1788.49,-1,13.34,90.01,1521.16,-1,1,1788,26.6,-1,26.6,3.3999999999999986,3,18,0,-1,-1,2.698147139199999,10103,gps_signal_lost,2024-06-07T21:31:58.468000Z,-999,-999
FF_FAE312C2251E11EF840241FBD919B19A,1FMCU0H68MUB15692,Ford_pro,2024-06-07T22:40:42.792Z,2024-06-07T22:46:19.531Z,-97.49641666666666,35.62315,-97.49294,35.616656666666664,percentage,75607,75609,2,21.38,0,0,0,0,0,0,0,0,0,-0.05,1,1,-1,-1,1,2,96,0,0,0,32.35,32.35,32.05,32.05,336.74,-1,13.04,90.68,1184.38,-1,1,337,24.3,-1,24.3,0.3999999999999986,0,2,0,-1,-1,0.3174290751999989,,,,,
FF_9E2D77DC252011EF840241FBD919B19A,1FMCU0H68MUB15692,Ford_pro,2024-06-07T22:52:26.843Z,2024-06-07T23:01:28.974Z,-97.49294,35.616656666666664,-97.53073666666667,35.608916666666666,percentage,75609,75613,4,26.56,0,0,0,0,0,0,0,0,0,-0.19,1,2,-1,-1,1,6,176,0,0,0,32.400000000000006,32.95,32.05,31.85,542.13,-1,13.1,91.43,1373.37,-1,1,542,23.4,-1,23.4,0.9000000000000021,0,4,0,-1,-1,0.7142154192000018,,,,,
FF_1CC21AC0252711EF840241FBD919B19A,1FMCU0H68MUB15692,Ford_pro,2024-06-07T23:38:56.704Z,2024-06-07T23:45:07.903Z,-97.53073666666667,35.608916666666666,-97.54781333333334,35.61196,percentage,75613,75615,2,19.4,0,0,0,0,0,0,0,0,0,0.16,2,2,-1,-1,1,4,50,0,0,0,32.55,33,32.35,31.85,371.2,-1,13.07,88.11,1220.85,-1,1,371,22.8,-1,22.8,0.5999999999999979,0,2,0,-1,-1,0.47614361279999834,,,,,
FF_D28C6B66252D11EF840241FBD919B19A,1FMCU0H68MUB15692,Ford_pro,2024-06-08T00:26:58.733Z,2024-06-08T00:38:00.974Z,-97.54781333333334,35.61196,-97.572045,35.659468333333336,percentage,75615,75623,8,43.49,0,0,0,0,0,0,0,0,0,-0.08,2,2,-1,-1,1,3,74,1,0,0,32.7,33,32.35,31.7,662.24,-1,13.2,87.95,1415.28,-1,1,662,21.6,-1,21.6,1.1999999999999993,0,8,0,-1,-1,0,,,,,
FF_2E826F10254C11EF840241FBD919B19A,1FMCU0H68MUB15692,Ford_pro,2024-06-08T04:04:17.612Z,2024-06-08T04:14:34.981Z,-97.572045,35.659468333333336,-97.612355,35.607695,percentage,75623,75632,9,52.48,0,0,0,2,0,0,0,0,0,-0.08,2,1,-1,-1,1,3,38,2,0,0,31.4,31.900000000000002,32.2,31.6,617.37,-1,13.5,80.57,1524.55,-1,1,617,20,-1,20,1.6000000000000014,0,9,0,-1,-1,0,,,,,
FF_FF55AF1C259C11EF840241FBD919B19A,1FMCU0H68MUB15692,Ford_pro,2024-06-08T13:42:49.778Z,2024-06-08T13:52:48.610Z,-97.612355,35.607695,-97.572005,35.659486666666666,percentage,75632,75641,9,54.11,0,0,0,2,1,0,0,0,0,-0.07,2,1,-1,-1,1,2,46,4,0,0,30,30.7,30.5,30.3,0,-1,13.61,72.78,1456.38,-1,1,599,18.4,-1,18.4,1.6000000000000014,0,0,0,-1,-1,1.2663348992000012,,,,,
FF_AFE97A7C25A111EF840241FBD919B19A,1FMCU0H68MUB15692,Ford_pro,2024-06-08T14:16:18.267Z,2024-06-08T14:17:02.337Z,-97.572005,35.659486666666666,-97.57204,35.659578333333336,percentage,75641,75642,1,81.69,0,0,0,0,0,0,0,0,0,0.1,1,1,-1,-1,1,2,7,0,0,0,31.9,32.2,31.6,31.2,0,-1,13.32,79.19,991.6,-1,1,44,18.4,-1,18.4,0,0,0,0,-1,-1,0,10103,gps_signal_lost,2024-06-08T14:16:34.328000Z,-999,-999
FF_0B62D7EE25A711EF840241FBD919B19A,1FMCU0H68MUB15692,Ford_pro,2024-06-08T14:54:44.997Z,2024-06-08T15:30:08.066Z,-97.57204,35.659578333333336,-97.57197666666667,35.47477,percentage,75642,75668,26,44.09,0,0,0,16,14,0,0,0,0,-0.21,1,2,-1,-1,1,15,556,2,0,0,32.55,32.8,32.400000000000006,31.700000000000003,0,-1,13.22,90.34,1308.31,-1,1,2123,14.5,-1,14.5,3.8000000000000007,0,0,0,-1,-1,3.0075453856000007,,,,,
FF_6A04965025C711EF840241FBD919B19A,1FMCU0H68MUB15692,Ford_pro,2024-06-08T18:46:21.000Z,2024-06-08T19:05:54.406Z,-97.57197666666667,35.47477,-97.572065,35.65955666666667,percentage,75668,75691,23,70.56,0,0,0,17,17,0,5,0,0,-0.11,2,2,-1,-1,1,2,86,1,2,0,31.5,33.4,33.2,32.2,0,-1,13.36,86.4,1633.2,-1,1,1173,11.3,-1,11.3,3.1999999999999993,0,0,0,-1,-1,2.5326697983999997,,,,,
FF_46C1B08425EE11EF840241FBD919B19A,1FMCU0H68MUB15692,Ford_pro,2024-06-08T23:24:38.827Z,2024-06-09T00:23:33.769Z,-97.572065,35.65955666666667,-97.61209166666667,35.607823333333336,percentage,75691,75717,26,26.48,0,0,0,6,4,0,2,0,0,-0.23,3,1,-1,-1,1,16,1948,5,1,0,33.462500000000006,34.0375,33.25000000000001,32.675000000000004,3534.94,-1,12.98,88.04,1290.09,-1,1,3535,5.9,-1,5.9,5.4,0,26,0,-1,-1,4.273880284800001,,,,,
FF_1BF73BBE25FB11EF840241FBD919B19A,1FMCU0H68MUB15692,Ford_pro,2024-06-09T00:56:27.701Z,2024-06-09T01:07:49.246Z,-97.61209166666667,35.607823333333336,-97.57202666666667,35.659553333333335,percentage,75717,75727,10,52.82,0,0,0,3,2,0,0,0,0,-0.09,1,1,-1,-1,1,4,118,1,0,0,33.75,33.9,33.05,32.5,681.54,-1,13.17,89.31,1477.95,-1,1,682,4.1,-1,4.1,1.8000000000000007,0,10,0,-1,-1,0,,,,,
FF_14BE920C265A11EF840241FBD919B19A,1FMCU0H68MUB15692,Ford_pro,2024-06-09T12:16:20.616Z,2024-06-09T12:16:36.593Z,-97.57202666666667,35.659553333333335,-97.57202666666667,35.659553333333335,percentage,75727,75727,0,0,0,0,0,0,0,0,0,0,0,1.04,1,1,-1,-1,1,0,0,0,0,0,29.9,30.9,30.7,30.2,0,-1,13.42,29.2,1274.5,-1,1,16,4.1,-1,4.1,0,0,0,0,-1,-1,0,,,,,
FF_4E3327AE2AB111EF840341FBD919B19A,1FMCU0H68MUB15692,Ford_pro,2024-06-15T00:50:46.796Z,2024-06-15T00:53:45.617Z,-97.60247666666666,35.610566666666664,-97.61232333333334,35.607688333333336,percentage,75735,75737,2,40.26,0,0,0,0,0,0,0,0,0,-0.33,1,1,-1,-1,1,1,8,0,0,0,32.1,32.3,31.950000000000003,31.4,178.82,-1,14.15,89.93,1219.08,-1,1,179,2.1,-1,2.1,0.3999999999999999,0,2,0,-1,-1,0,,,,,
FF_336E82BB2AB011EF840341FBD919B19A,1FMCU0H68MUB15692,Ford_pro,2024-06-15T00:42:22.711Z,2024-06-15T00:43:10.876Z,-97.60011833333333,35.61027833333333,-97.60247666666666,35.610566666666664,percentage,75735,75735,0,0,0,0,0,0,0,0,0,0,0,0.4,1,1,-1,-1,1,0,0,0,0,0,32.1,32.1,31.8,31.3,48.16,-1,14.02,90.5,1102.67,-1,1,48,2.5,-1,2.5,0,0,0,0,-1,-1,0,,,,,
FF_80A5556F2AAF11EF840341FBD919B19A,1FMCU0H68MUB15692,Ford_pro,2024-06-15T00:37:22.723Z,2024-06-15T00:41:53.718Z,-97.58447,35.65309166666667,-97.59173333333334,35.610263333333336,percentage,75729,75734,5,66.42,0,0,0,3,3,0,0,0,0,0.17,0,0,-1,-1,1,1,57,2,0,0,,,,,271,-1,14.4,86.75,1624.83,-1,1,271,2.6,-1,2.6,1,0,5,0,-1,-1,0,,,,,
FF_F487D4282AAE11EF840341FBD919B19A,1FMCU0H68MUB15692,Ford_pro,2024-06-15T00:33:57.688Z,2024-06-15T00:37:20.720Z,-97.57202666666667,35.659553333333335,-97.584315,35.65309833333333,percentage,75727,75729,2,35.46,0,1,0,0,0,0,0,0,0,-0.41,0,1,-1,-1,1,1,34,1,0,0,29.6,30,30,29.7,203.03,-1,14.24,46,1750.46,-1,1,203,3.6,-1,3.6,0.49999999999999956,0,2,0,-1,-1,0,,,,,
FF_DBF5E7F82C2B11EF840341FBD919B19A,1FMCU0H68MUB15692,Ford_pro,2024-06-16T22:00:35.260Z,2024-06-16T22:27:07.618Z,-97.61232333333334,35.607688333333336,-97.57199666666666,35.65946,percentage,75737,75749,12,27.13,0,0,0,2,2,0,1,0,0,-0.13,3,1,-1,-1,1,8,771,2,1,0,30.733333333333334,31.133333333333336,30.933333333333334,30.5,1592.36,-1,14.36,77.48,1320.42,-1,1,1592,102.4,-1,102.4,1.5,0,12,0,-1,-1,1.19471787,,,,,
FF_04BB76E92C5111EF840341FBD919B19A,1FMCU0H68MUB15692,Ford_pro,2024-06-17T02:26:33.512Z,2024-06-17T02:38:05.636Z,-97.57199666666666,35.65946,-97.61230166666667,35.60769166666667,percentage,75749,75758,9,46.81,0,1,0,2,2,0,0,0,0,-0.03,1,1,-1,-1,1,4,119,2,0,0,31.5,31.5,30.9,30.5,692.12,-1,14.06,78.13,1513.16,-1,1,692,100.9,-1,100.9,1.5,0,9,0,-1,-1,0,,,,,
FF_9C72213E2CA711EF840341FBD919B19A,1FMCU0H68MUB15692,Ford_pro,2024-06-17T12:46:26.504Z,2024-06-17T12:54:59.823Z,-97.61230166666667,35.60769166666667,-97.54685,35.63688166666667,percentage,75758,75767,9,63.12,1,1,0,3,3,0,3,1,0,-0.12,2,1,-1,-1,1,4,56,2,1,0,30.3,30.7,30.3,30,0,-1,14.12,72.43,1637.35,-1,1,513,99.3,-1,99.3,1.6000000000000085,0,0,0,-1,-1,1.2701389760000068,,,,,
FF_05877A582CCF11EF840341FBD919B19A,1FMCU0H68MUB15692,Ford_pro,2024-06-17T17:28:30.703Z,2024-06-17T17:42:46.726Z,-97.54685,35.63688166666667,-97.546965,35.63691166666667,percentage,75767,75771,4,16.82,0,0,0,0,0,0,0,0,0,-0.21,1,1,-1,-1,1,10,485,0,0,0,31.5,31.6,31.2,30.9,0,-1,14.13,80.7,1227.32,-1,1,856,97.6,-1,97.6,1.5999999999999943,0,0,0,-1,-1,1.2701389759999955,,,,,
FF_F07DC5362CFB11EF840341FBD919B19A,1FMCU0H68MUB15692,Ford_pro,2024-06-17T22:50:02.846Z,2024-06-17T22:56:52.793Z,-97.61234666666667,35.60788,-97.61217666666667,35.58837166666667,percentage,75780,75784,4,35.13,0,0,0,0,0,0,0,0,0,-0.14,2,1,-1,-1,1,4,69,1,0,0,32.6,33.3,32.2,32.05,409.95,-1,13.92,89.88,1480.58,-1,1,410,92.2,-1,92.2,1.5999999999999943,0,4,0,-1,-1,1.2701389759999955,,,,,
FF_1792AD252CF811EF840341FBD919B19A,1FMCU0H68MUB15692,Ford_pro,2024-06-17T22:22:26.000Z,2024-06-17T22:36:00.763Z,-97.546965,35.63691166666667,-97.61234666666667,35.60788,percentage,75771,75780,9,39.77,1,0,0,0,0,0,0,0,0,0.13,2,1,-1,-1,1,8,142,0,0,0,32.333333333333336,32.800000000000004,32.2,31.633333333333336,814.76,-1,14.06,85.1,1322.53,-1,1,815,93.8,-1,93.8,3.799999999999997,0,9,0,-1,-1,3.016580067999998,,,,,
FF_8491FF6A2D1211EF840341FBD919B19A,1FMCU0H68MUB15692,Ford_pro,2024-06-18T01:31:40.679Z,2024-06-18T01:39:04.031Z,-97.61217666666667,35.58837166666667,-97.61234,35.607688333333336,percentage,75784,75788,4,32.48,0,0,0,0,0,0,0,0,0,-0.21,2,1,-1,-1,1,1,10,0,0,0,31.25,31.7,31.900000000000002,31.55,443.35,-1,13.89,78.94,1271.33,-1,1,443,91.2,-1,91.2,1,0,4,0,-1,-1,0,,,,,
FF_843050C62D9911EF840341FBD919B19A,1FMCU0H68MUB15692,Ford_pro,2024-06-18T17:38:03.966Z,2024-06-18T17:49:47.136Z,-97.61234,35.607688333333336,-97.65306833333334,35.57989666666667,percentage,75788,75795,7,35.84,0,0,0,1,0,0,0,0,0,-0.02,1,1,-1,-1,1,5,193,1,0,0,30.2,30.7,30.5,30.2,0,-1,14.17,72.15,1290.74,-1,1,703,88.8,-1,88.8,2.299999999999997,0,0,0,-1,-1,1.819748821999998,,,,,
FF_18591E402D9F11EF840341FBD919B19A,1FMCU0H68MUB15692,Ford_pro,2024-06-18T18:17:57.789Z,2024-06-18T18:28:45.530Z,-97.61226833333333,35.60792,-97.56951166666667,35.60845666666667,percentage,75802,75806,4,22.23,0,0,0,0,0,0,0,0,0,0.1,2,1,-1,-1,1,4,82,1,0,0,32.3,32.3,31.8,31,0,-1,14.17,88.77,1221.05,-1,1,648,85.8,-1,85.8,1.2999999999999972,0,0,0,-1,-1,1.0285536819999979,,,,,
FF_630D59832D9B11EF840341FBD919B19A,1FMCU0H68MUB15692,Ford_pro,2024-06-18T17:51:25.575Z,2024-06-18T18:02:19.643Z,-999,-999,-97.61226833333333,35.60792,percentage,75795,75802,7,38.53,0,0,0,0,0,0,0,0,0,-0.08,2,1,-1,-1,1,3,103,0,0,0,32.3,32.3,31.8,31,0,-1,14.26,90.82,1407.33,-1,1,654,87.1,-1,87.1,1.7000000000000028,0,0,0,-1,-1,1.3450317380000023,10103,gps_signal_lost,2024-06-18T17:51:34.588000Z,-999,-999
FF_433A3A032DAA11EF840441FBD919B19A,1FMCU0H68MUB15692,Ford_pro,2024-06-18T19:37:24.719Z,2024-06-18T19:40:30.926Z,-97.59262333333334,35.61027166666667,-97.612385,35.607686666666666,percentage,75809,75811,2,38.67,1,0,0,0,0,0,0,0,0,0.36,1,1,-1,-1,1,2,17,1,0,0,31.8,32.3,31.5,31,0,-1,13.59,90.87,1206.62,-1,1,186,84.5,-1,84.5,0.5,0,0,0,-1,-1,0.39559757000000006,,,,,
FF_5D84DA6E2DA911EF840441FBD919B19A,1FMCU0H68MUB15692,Ford_pro,2024-06-18T19:31:29.673Z,2024-06-18T19:36:55.705Z,-97.56951166666667,35.60845666666667,-97.586075,35.61009166666667,percentage,75806,75809,3,33.13,0,0,0,0,0,0,0,0,0,-0.07,1,1,-1,-1,1,3,105,0,0,0,32.1,32.2,31.5,31,0,-1,14.06,84.83,1203.5,-1,1,326,85.1,-1,85.1,0.7000000000000028,0,0,0,-1,-1,0.5538365980000023,,,,,
FF_BD1A93F12DE411EF840441FBD919B19A,1FMCU0H68MUB15692,Ford_pro,2024-06-19T02:36:30.143Z,2024-06-19T02:47:37.717Z,-97.571995,35.659465,-97.612335,35.60767,percentage,75821,75831,10,53.93,0,0,0,3,2,0,0,0,0,-0.11,1,1,-1,-1,1,6,88,2,0,0,30.9,31.5,32.2,31.5,667.57,-1,14.06,77.8,1370.23,-1,1,668,79.2,-1,79.2,2.3999999999999915,0,10,0,-1,-1,0,,,,,
FF_D322347A2DC011EF840441FBD919B19A,1FMCU0H68MUB15692,Ford_pro,2024-06-18T20:32:20.822Z,2024-06-18T22:35:30.000Z,-97.612385,35.607686666666666,-97.571995,35.659465,percentage,75811,75821,10,4.87,0,0,0,-1,-1,-1,-1,-1,-1,-0.19,1,1,-1,-1,1,0,0,-1,-1,-1,32.06666666666667,32.5,31.733333333333334,31.166666666666668,7389.18,-1,13.18,64,1348.67,-1,1,7389,81.6,-1,81.6,0,0,-1,0,-1,-1,0,,,,,
FF_E2A6E6932E3911EF840441FBD919B19A,1FMCU0H68MUB15692,Ford_pro,2024-06-19T12:45:25.000Z,2024-06-19T12:52:48.510Z,-97.61260666666666,35.60841666666666,-97.53432833333333,35.60386,percentage,75831,75839,8,64.94,0,0,0,4,4,0,3,0,0,-0.19,1,1,-1,-1,1,1,36,1,2,0,30.333333333333332,30.96666666666667,30.666666666666668,30.099999999999998,0,-1,13.97,66.23,1593.92,-1,1,444,77.2,-1,77.2,1.9000000000000057,0,0,0,-1,-1,1.5092938876000046,,,,,
FF_B1DE1DEC2E4211EF840441FBD919B19A,1FMCU0H68MUB15692,Ford_pro,2024-06-19T13:49:04.647Z,2024-06-19T13:58:01.914Z,-97.53432833333333,35.60386,-97.54695666666667,35.63690166666667,percentage,75839,75845,6,40.2,1,0,0,0,0,0,0,0,0,-0.01,2,1,-1,-1,1,2,131,0,0,0,31.15,31.65,31,30.5,0,-1,14.02,83.6,1540.36,-1,1,537,75.4,-1,75.4,1.7999999999999972,0,0,0,-1,-1,1.429857367199998,,,,,
FF_8010541F2E5B11EF840541FBD919B19A,1FMCU0H68MUB15692,Ford_pro,2024-06-19T16:46:32.000Z,2024-06-19T16:53:43.904Z,-97.54695666666667,35.63690166666667,-97.5605,35.610236666666665,percentage,75845,75849,4,33.34,0,0,0,0,0,0,0,0,0,-0.1,1,1,-1,-1,1,4,76,0,0,0,31.3,31.633333333333336,31.166666666666668,30.46666666666667,0,-1,13.86,78.38,1290.93,-1,1,432,74.3,-1,74.3,1.1000000000000085,0,0,0,-1,-1,0.8738017244000069,,,,,
FF_FE71C29D2E5C11EF840541FBD919B19A,1FMCU0H68MUB15692,Ford_pro,2024-06-19T16:57:20.959Z,2024-06-19T17:03:47.033Z,-97.5605,35.610236666666665,-97.61237166666666,35.607906666666665,percentage,75849,75854,5,46.62,0,0,0,2,2,0,0,0,0,0.04,0,1,-1,-1,1,3,80,1,0,0,31.3,31.3,31.5,30,0,-1,13.47,90.27,1362.8,-1,1,386,73.4,-1,73.4,0.8999999999999915,0,0,0,-1,-1,0.7149286835999933,,,,,
FF_550DB74D2E6211EF840541FBD919B19A,1FMCU0H68MUB15692,Ford_pro,2024-06-19T17:35:33.732Z,2024-06-19T17:41:39.675Z,-97.57203166666666,35.65951833333333,-97.546975,35.63692833333333,percentage,75863,75868,5,49.19,0,0,0,0,0,0,0,0,0,0.13,1,1,-1,-1,1,1,52,0,0,0,32.6,33.1,31.9,31.6,0,-1,13.35,91.41,1492.8,-1,1,366,70.4,-1,70.4,1,0,0,0,-1,-1,0.7943652040000001,,,,,
FF_12BD6C042E6011EF840541FBD919B19A,1FMCU0H68MUB15692,Ford_pro,2024-06-19T17:19:22.793Z,2024-06-19T17:31:52.698Z,-97.61237166666666,35.607906666666665,-97.57203166666666,35.65951833333333,percentage,75854,75863,9,43.21,0,0,0,2,2,0,0,0,0,-0.09,1,1,-1,-1,1,7,141,3,0,0,31.6,31.9,31.6,30.6,0,-1,13.37,90.21,1459.17,-1,1,750,71.4,-1,71.4,2,0,0,0,-1,-1,1.5887304080000002,,,,,
FF_608B912C2E8D11EF840541FBD919B19A,1FMCU0H68MUB15692,Ford_pro,2024-06-19T22:43:40.777Z,2024-06-19T22:56:06.828Z,-97.57198166666667,35.65947166666667,-97.51387333333334,35.634875,percentage,75873,75881,8,38.6,0,0,0,0,0,0,0,0,0,-0.06,1,1,-1,-1,1,2,88,0,0,0,31.8,32.1,31.8,31,746.05,-1,13.17,90,1277.7,-1,1,746,68.3,-1,68.3,1.2000000000000028,0,8,0,-1,-1,0.9532382448000023,,,,,
FF_C99E961B2E8B11EF840541FBD919B19A,1FMCU0H68MUB15692,Ford_pro,2024-06-19T22:32:12.000Z,2024-06-19T22:40:13.834Z,-97.546975,35.63692833333333,-97.57198166666667,35.65947166666667,percentage,75868,75873,5,37.36,1,0,0,0,0,0,0,0,0,0.1,2,1,-1,-1,1,3,115,0,0,0,31.066666666666666,31.7,31.666666666666668,31.400000000000002,481.83,-1,13.3,82.72,1376.79,-1,1,482,69.5,-1,69.5,0.9000000000000057,0,5,0,-1,-1,0.7149286836000045,,,,,
FF_3DB345CC2E9011EF840541FBD919B19A,1FMCU0H68MUB15692,Ford_pro,2024-06-19T23:04:02.935Z,2024-06-19T23:04:10.269Z,-97.48156666666667,35.62236166666667,-97.48156666666667,35.62236166666667,percentage,75885,75885,0,0,0,0,0,0,0,0,0,0,0,0,0,0,-1,-1,1,0,0,0,0,0,32.8,33.2,32.3,31.8,7.33,-1,12.75,90,966,-1,1,7,67.6,-1,67.6,0,0,0,0,-1,-1,0,,,,,
FF_405B9DEB2E8F11EF840541FBD919B19A,1FMCU0H68MUB15692,Ford_pro,2024-06-19T22:56:35.830Z,2024-06-19T23:03:36.824Z,-97.513845,35.629873333333336,-97.4822,35.622728333333335,percentage,75881,75885,4,34.2,0,0,0,0,0,0,0,0,0,-0.08,0,0,-1,-1,1,2,112,0,0,0,,,,,420.99,-1,13.05,90,1292.89,-1,1,421,67.6,-1,67.6,0.6000000000000085,0,4,0,-1,-1,0.47661912240000687,,,,,
FF_82F862212E9711EF840541FBD919B19A,1FMCU0H68MUB15692,Ford_pro,2024-06-19T23:55:43.851Z,2024-06-19T23:58:44.842Z,-97.52523666666667,35.623615,-97.531595,35.64088666666667,percentage,75892,75895,3,59.67,0,0,0,0,0,0,0,0,0,-0.31,0,0,-1,-1,1,0,0,0,0,0,,,,,180.99,-1,13.17,90.17,1386.29,-1,1,181,66.1,-1,66.1,0.30000000000001137,0,3,0,-1,-1,0.23830956120000904,,,,,
FF_8BA1727E2E9611EF840541FBD919B19A,1FMCU0H68MUB15692,Ford_pro,2024-06-19T23:49:18.845Z,2024-06-19T23:55:14.846Z,-97.48453166666667,35.63484666666667,-97.51897833333334,35.62368166666667,percentage,75887,75891,4,40.45,0,0,0,0,0,0,0,0,0,-0.04,1,1,-1,-1,1,3,38,0,0,0,31.5,32.5,31.8,31,356,-1,13.11,91.24,1308.19,-1,1,356,66.5,-1,66.5,0.5999999999999943,0,4,0,-1,-1,0.47661912239999554,,,,,
FF_03D647E42E9511EF840541FBD919B19A,1FMCU0H68MUB15692,Ford_pro,2024-06-19T23:38:21.616Z,2024-06-19T23:44:12.194Z,-97.48156666666667,35.62236166666667,-97.48453166666667,35.63484666666667,percentage,75885,75887,2,20.54,0,0,0,0,0,0,0,0,0,-0.02,1,2,-1,-1,1,5,44,0,0,0,32.15,32.85,32.05,31.4,350.58,-1,13.3,88.39,1318.22,-1,1,351,67.1,-1,67.1,0.5,0,2,0,-1,-1,0.39718260200000005,,,,,
FF_F5EE443F2E9711EF840541FBD919B19A,1FMCU0H68MUB15692,Ford_pro,2024-06-19T23:59:13.872Z,2024-06-20T00:07:42.046Z,-97.53162666666667,35.651695,-97.57193,35.659526666666665,percentage,75895,75900,5,35.42,0,0,0,0,0,0,0,0,0,-0.03,0,1,-1,-1,1,5,110,0,0,0,33.1,33.2,32.1,32.1,508.17,-1,12.96,89.61,1421.75,-1,1,508,65.1,-1,65.1,0.9000000000000057,0,5,0,-1,-1,0.7149286836000045,,,,,
FF_95D633FD2F0311EF840541FBD919B19A,1FMCU0H68MUB15692,Ford_pro,2024-06-20T12:49:51.384Z,2024-06-20T12:58:25.375Z,-97.57193,35.659526666666665,-97.54696833333334,35.63692,percentage,75900,75905,5,35.02,0,0,0,0,0,0,0,0,0,0.12,2,1,-1,-1,1,5,96,0,0,0,29.7,30.4,30.1,29.660000000000004,0,-1,13.5,61.2,1274.15,-1,1,514,64.3,-1,64.3,0.7999999999999972,0,0,0,-1,-1,0.6367601887999977,,,,,
FF_458CB6522F2411EF840541FBD919B19A,1FMCU0H68MUB15692,Ford_pro,2024-06-20T16:43:48.675Z,2024-06-20T17:12:24.679Z,-97.54696833333334,35.63692,-97.535965,35.607325,percentage,75905,75911,6,12.59,1,0,0,0,0,0,0,0,0,-0.12,2,1,-1,-1,1,1,68,1,0,0,30.3,30.9,30.3,29.9,0,-1,13.23,85.36,1147,-1,1,1716,63.2,-1,63.2,1.0999999999999943,0,0,0,-1,-1,0.8755452595999955,,,,,
FF_34B1F45C2F3111EF840541FBD919B19A,1FMCU0H68MUB15692,Ford_pro,2024-06-20T18:16:22.763Z,2024-06-20T18:27:08.680Z,-97.535965,35.607325,-97.54698833333333,35.636921666666666,percentage,75911,75917,6,33.44,0,0,0,0,0,0,0,0,0,-0.06,1,1,-1,-1,1,4,223,2,0,0,30.9,31.6,31.2,30.3,0,-1,13.32,87.24,1418,-1,1,646,62.1,-1,62.1,1.1000000000000014,0,0,0,-1,-1,0.8755452596000012,,,,,
FF_1645C15D2F3911EF840541FBD919B19A,1FMCU0H68MUB15692,Ford_pro,2024-06-20T19:12:44.000Z,2024-06-20T19:20:48.000Z,-97.54698833333333,35.636921666666666,-97.56060166666667,35.610255,percentage,75917,75921,4,29.75,0,0,0,-1,-1,-1,-1,-1,-1,-0.47,1,1,-1,-1,1,0,0,-1,-1,-1,32.233333333333334,32.5,31.7,31.233333333333334,0,-1,13.3,84.67,1091,-1,1,484,61.1,-1,61.1,0,0,-1,0,-1,-1,0,,,,,
FF_E89CFDBB2F3D11EF840541FBD919B19A,1FMCU0H68MUB15692,Ford_pro,2024-06-20T19:46:51.148Z,2024-06-20T19:48:01.515Z,-97.54480166666667,35.638596666666665,-97.54704666666666,35.636948333333336,percentage,75934,75935,1,51.16,0,0,0,0,0,0,0,0,0,-0.17,1,1,-1,-1,1,0,0,0,0,0,33.4,33.1,32.3,31.9,0,-1,13.04,88.6,1132.5,-1,1,70,58.4,-1,58.4,0.10000000000000142,0,0,0,-1,-1,0.07959502360000113,,,,,
FF_D0223EA12F3B11EF840541FBD919B19A,1FMCU0H68MUB15692,Ford_pro,2024-06-20T19:31:50.914Z,2024-06-20T19:46:22.074Z,-97.54698666666667,35.65307166666667,-97.5373,35.638575,percentage,75927,75934,7,28.93,0,0,0,0,0,0,0,0,0,-0.05,0,1,-1,-1,1,4,439,2,0,0,,,,,0,-1,13.05,90.64,1181.95,-1,1,871,58.5,-1,58.5,1.3999999999999986,0,0,0,-1,-1,1.114330330399999,,,,,
FF_917D6D342F3A11EF840541FBD919B19A,1FMCU0H68MUB15692,Ford_pro,2024-06-20T19:23:26.562Z,2024-06-20T19:31:22.162Z,-97.56060166666667,35.610255,-97.54946666666666,35.650043333333336,percentage,75921,75926,5,37.85,0,0,0,0,0,0,0,0,0,-0.04,1,1,-1,-1,1,2,81,0,0,0,32.3,32.9,31.9,31.3,0,-1,13.24,91.12,1392.17,-1,1,476,60,-1,60,1,0,0,0,-1,-1,0.795950236,,,,,
FF_0DE31B7C2F5311EF840541FBD919B19A,1FMCU0H68MUB15692,Ford_pro,2024-06-20T22:18:43.090Z,2024-06-20T22:27:02.585Z,-97.54704666666666,35.636948333333336,-97.572005,35.65951166666667,percentage,75935,75939,4,28.83,0,0,0,0,0,0,0,0,0,-0.07,2,1,-1,-1,1,3,111,0,0,0,31.9,31.75,31.799999999999997,31.4,499.5,-1,13.11,81.81,1361.6,-1,1,499,57.5,-1,57.5,0.8999999999999986,0,4,0,-1,-1,0.7163552123999989,,,,,
FF_3BBD1E882F5511EF840541FBD919B19A,1FMCU0H68MUB15692,Ford_pro,2024-06-20T22:34:19.106Z,2024-06-20T22:44:28.048Z,-999,-999,-97.58432666666667,35.63657666666667,percentage,75939,75944,5,29.56,0,0,0,0,0,0,0,0,0,0.03,2,2,-1,-1,1,1,70,0,0,0,31.9,32.2,31.3,30.9,608.94,-1,13.15,90.16,1236.45,-1,1,609,56.6,-1,56.6,0.8999999999999986,0,5,0,-1,-1,0.7163552123999989,,,,,
FF_DAA4B7DE2F5B11EF840541FBD919B19A,1FMCU0H68MUB15692,Ford_pro,2024-06-20T23:21:34.378Z,2024-06-20T23:40:53.357Z,-97.58432666666667,35.63657666666667,-97.571915,35.65955666666667,percentage,75944,75952,8,24.85,0,0,0,0,0,0,0,0,0,-0.26,3,2,-1,-1,1,6,503,0,0,0,32.150000000000006,32.225,31.825000000000003,31.45,1158.98,-1,13.04,89.21,1249.63,-1,1,1159,55.3,-1,55.3,1.3000000000000043,0,8,0,-1,-1,1.0347353068000036,10103,gps_signal_lost,2024-06-20T23:26:21.551549Z,-97.55654666666666,35.638515
FF_4277ABBE2FE911EF840541FBD919B19A,1FMCU0H68MUB15692,Ford_pro,2024-06-21T16:13:55.890Z,2024-06-21T16:41:14.915Z,-97.571915,35.65955666666667,-97.612335,35.607886666666666,percentage,75952,75969,17,37.34,0,0,0,4,4,0,0,0,0,0.08,2,1,-1,-1,1,12,548,1,0,0,30.7,31.15,30.9,30.325,0,-1,13.46,77.74,1284.29,-1,1,1639,52.3,-1,52.3,3,0,0,0,-1,-1,2.382303096,,,,,
FF_FA3C0DB82FF211EF840541FBD919B19A,1FMCU0H68MUB15692,Ford_pro,2024-06-21T17:23:29.612Z,2024-06-21T17:28:55.361Z,-97.612335,35.607886666666666,-97.57373166666666,35.60919333333333,percentage,75969,75973,4,44.21,0,0,0,1,1,0,0,0,0,-0.35,1,1,-1,-1,1,3,105,1,1,0,32.2,31.419999999999998,31.9,30.98,0,-1,13.53,87.79,1370.28,-1,1,326,51.3,-1,51.3,1,0,0,0,-1,-1,0.794101032,,,,,
FF_C7B290492FF411EF840541FBD919B19A,1FMCU0H68MUB15692,Ford_pro,2024-06-21T17:35:54.421Z,2024-06-21T17:56:55.283Z,-97.514285,35.53456666666666,-97.51275166666667,35.53099,percentage,75987,75999,12,34.26,0,1,0,1,1,0,0,0,0,-0.06,2,0,-1,-1,1,6,417,1,0,0,32.85,33.1,32.400000000000006,31.8125,0,-1,13.43,89.65,1347.17,-1,1,1261,47.2,-1,47.2,2.5,0,0,0,-1,-1,1.98525258,,,,,
FF_4B0427572FF411EF840541FBD919B19A,1FMCU0H68MUB15692,Ford_pro,2024-06-21T17:32:24.417Z,2024-06-21T17:35:25.625Z,-97.50989,35.591565,-97.51419166666666,35.542335,percentage,75980,75986,6,119.2,0,0,0,5,5,0,0,0,0,0.05,0,0,-1,-1,1,0,0,1,0,0,,,,,0,-1,13.44,90.29,1961.71,-1,1,181,49.7,-1,49.7,0.5999999999999943,0,0,0,-1,-1,0.4764606191999955,,,,,
FF_DFA2DB7F2FF311EF840541FBD919B19A,1FMCU0H68MUB15692,Ford_pro,2024-06-21T17:29:24.345Z,2024-06-21T17:31:55.346Z,-97.56219166666666,35.60915833333333,-97.50637833333333,35.598686666666666,percentage,75974,75979,5,119.2,0,0,0,4,4,0,4,3,0,-0.58,0,0,-1,-1,1,0,0,1,1,0,,,,,0,-1,13.3,90,2238.67,-1,1,151,50.5,-1,50.5,0.7000000000000028,0,0,0,-1,-1,0.5558707224000022,,,,,
FF_32B29D272FFA11EF840541FBD919B19A,1FMCU0H68MUB15692,Ford_pro,2024-06-21T18:14:54.503Z,2024-06-21T18:15:10.822Z,-97.571995,35.659526666666665,-97.571995,35.659526666666665,percentage,76021,76021,0,0,0,0,0,-1,-1,-1,-1,-1,-1,-0.05,1,1,-1,-1,1,0,0,-1,-1,-1,33.6,33.6,32.6,32.2,0,-1,12.8,89,946,-1,1,16,44.1,-1,44.1,0,0,-1,0,-1,-1,0,,,,,
FF_45370F7D2FF811EF840541FBD919B19A,1FMCU0H68MUB15692,Ford_pro,2024-06-21T18:00:54.369Z,2024-06-21T18:14:42.513Z,-97.50931666666666,35.592015,-97.571995,35.659526666666665,percentage,76006,76021,15,65.21,0,0,0,8,7,0,0,0,0,-0.03,1,1,-1,-1,1,4,94,3,0,0,,,,,0,-1,13.34,89.31,1561.18,-1,1,828,44.1,-1,44.1,2.299999999999997,0,0,0,-1,-1,1.8264323735999979,,,,,
FF_C90F2B5D2FF711EF840541FBD919B19A,1FMCU0H68MUB15692,Ford_pro,2024-06-21T17:57:24.424Z,2024-06-21T18:00:25.390Z,-97.513915,35.53715833333333,-97.513745,35.58481666666667,percentage,75999,76005,6,119.36,0,0,0,5,5,0,0,0,0,-0.12,0,0,-1,-1,1,0,0,1,0,0,,,,,0,-1,13.43,90,1899.43,-1,1,181,46.5,-1,46.5,0.6000000000000014,0,0,0,-1,-1,0.4764606192000011,,,,,
FF_00D79341301F11EF840541FBD919B19A,1FMCU0H68MUB15692,Ford_pro,2024-06-21T22:38:05.710Z,2024-06-21T22:44:00.682Z,-97.58614833333333,35.622455,-97.57644833333333,35.56376,percentage,76026,76033,7,70.99,0,0,0,5,2,0,0,0,0,-0.12,0,0,-1,-1,1,0,0,1,0,0,33.2,33.2,32.8,32.3,354.97,-1,13.19,91.44,1488.27,-1,1,355,42.3,-1,42.3,0.9000000000000057,0,7,0,-1,-1,0.7146909288000045,,,,,
FF_E641B5B2301D11EF840541FBD919B19A,1FMCU0H68MUB15692,Ford_pro,2024-06-21T22:30:37.000Z,2024-06-21T22:37:36.697Z,-97.571995,35.659526666666665,-97.58638,35.62927666666667,percentage,76021,76026,5,42.89,0,0,0,0,0,0,0,0,0,-0.07,1,1,-1,-1,1,2,54,1,0,0,31.9,31.9,32.6,32.2,419.7,-1,13.25,80.54,1324.23,-1,1,420,43.3,-1,43.3,0.8000000000000043,0,5,0,-1,-1,0.6352808256000034,,,,,
FF_ED6C715A303C11EF840541FBD919B19A,1FMCU0H68MUB15692,Ford_pro,2024-06-22T02:12:47.671Z,2024-06-22T02:25:10.360Z,-97.57644833333333,35.56376,-97.57131666666666,35.659215,percentage,76033,76046,13,63.01,0,0,0,7,6,0,0,0,0,-0.03,1,1,-1,-1,1,1,57,2,0,0,31.950000000000003,31.9,31.25,30.9,742.69,-1,13.41,81.64,1604.19,-1,1,743,40.7,-1,40.7,1.5999999999999943,0,13,0,-1,-1,0,,,,,
FF_D65F345E316511EF840541FBD919B19A,1FMCU0H68MUB15692,Ford_pro,2024-06-23T13:38:10.699Z,2024-06-23T13:55:38.071Z,-97.57131666666666,35.659215,-97.54982333333334,35.624718333333334,percentage,76046,76052,6,20.62,2,0,0,0,0,0,0,0,0,0.08,1,1,-1,-1,1,3,491,0,0,0,30.099999999999998,30.457142857142856,30.942857142857147,29.985714285714288,0,-1,14.16,67.03,1231.65,-1,1,1047,39.7,-1,39.7,1,0,0,0,-1,-1,0.7914593120000001,,,,,
FF_D34818E0316A11EF840541FBD919B19A,1FMCU0H68MUB15692,Ford_pro,2024-06-23T14:13:52.826Z,2024-06-23T14:37:17.868Z,-97.54982333333334,35.624718333333334,-97.61241333333334,35.60771166666667,percentage,76052,76067,15,38.43,1,0,0,2,0,0,0,0,0,-0.1,3,2,-1,-1,1,8,190,2,0,0,31.639999999999997,32.1,31.46,30.9,0,-1,14.1,89.09,1285.58,-1,1,1405,37.4,-1,37.4,2.3000000000000043,0,0,0,-1,-1,1.8203564176000036,,,,,
FF_44EDF5A2317811EF840541FBD919B19A,1FMCU0H68MUB15692,Ford_pro,2024-06-23T15:50:05.696Z,2024-06-23T16:22:24.647Z,-97.61241333333334,35.60771166666667,-97.617605,35.608596666666664,percentage,76067,76077,10,18.57,2,1,0,0,0,0,0,0,0,-0.02,2,2,-1,-1,1,6,1006,0,0,0,32.63333333333333,32.9,32.13333333333333,31.433333333333334,0,-1,13.99,89.59,1241.62,-1,1,1939,35.1,-1,35.1,2.1999999999999957,0,0,0,-1,-1,1.7412104863999969,,,,,
FF_4249B90A318511EF840541FBD919B19A,1FMCU0H68MUB15692,Ford_pro,2024-06-23T17:23:05.721Z,2024-06-23T17:40:33.496Z,-97.617605,35.608596666666664,-97.6124,35.607695,percentage,76077,76085,8,27.49,0,0,0,0,0,0,0,0,0,-0.14,2,2,-1,-1,1,5,255,0,0,0,32.95,34.1,32.45,32.4,0,-1,13.67,89.23,1296,-1,1,1048,33.6,-1,33.6,1.5,0,0,0,-1,-1,1.187188968,,,,,
FF_6A20B34B31AB11EF840541FBD919B19A,1FMCU0H68MUB15692,Ford_pro,2024-06-23T21:56:03.000Z,2024-06-23T22:08:45.018Z,-97.6124,35.607695,-97.54982166666667,35.61483333333334,percentage,76085,76092,7,33.07,0,0,0,0,0,0,0,0,0,-0.02,2,1,-1,-1,1,5,212,0,0,0,32.233333333333334,32.56666666666666,31.366666666666664,31.066666666666666,762.02,-1,13.54,83.98,1367.51,-1,1,762,32.2,-1,32.2,1.3999999999999986,0,7,0,-1,-1,1.108043036799999,,,,,
FF_5C6DA5FA31B011EF840541FBD919B19A,1FMCU0H68MUB15692,Ford_pro,2024-06-23T22:31:35.793Z,2024-06-23T22:42:20.218Z,-97.54982166666667,35.61483333333334,-97.572005,35.65949833333333,percentage,76092,76099,7,39.1,0,0,0,0,0,0,0,0,0,0.11,0,2,-1,-1,1,2,37,0,0,0,33.15,33.45,32.6,32.15,644.42,-1,13.4,88.84,1390.8,-1,1,644,31.1,-1,31.1,1.1000000000000014,0,7,0,-1,-1,0.8706052432000012,,,,,
FF_1C936B4131BA11EF840541FBD919B19A,1FMCU0H68MUB15692,Ford_pro,2024-06-23T23:41:16.000Z,2024-06-24T00:30:36.677Z,-97.572005,35.65949833333333,-97.61231833333333,35.60767333333333,percentage,76099,76126,27,32.83,0,0,0,7,5,0,2,0,0,-0.17,3,2,-1,-1,1,12,1411,4,1,0,33.95454545454545,33.981818181818184,33.18181818181818,32.47272727272727,2960.68,-1,13.07,89.23,1407.29,-1,1,2961,26.4,-1,26.4,4.700000000000003,0,27,0,-1,-1,3.7198587664000025,,,,,
FF_D206F245322211EF840541FBD919B19A,1FMCU0H68MUB15692,Ford_pro,2024-06-24T12:10:30.042Z,2024-06-24T12:13:31.295Z,-97.58518333333333,35.595535,-97.57532666666667,35.54423666666667,percentage,76144,76150,6,119.17,0,0,0,5,5,0,2,0,0,-0.25,0,0,-1,-1,1,0,0,1,1,0,,,,,0,-1,13.06,90.57,2136.57,-1,1,181,22.5,-1,22.5,0.8000000000000007,0,0,0,-1,-1,0.6323220992000006,,,,,
FF_6C3DF30B322111EF840541FBD919B19A,1FMCU0H68MUB15692,Ford_pro,2024-06-24T12:00:30.113Z,2024-06-24T12:10:01.097Z,-97.57183833333333,35.655766666666665,-97.58517833333333,35.603975,percentage,76135,76143,8,50.44,0,0,0,2,2,0,0,0,0,-0.19,1,1,-1,-1,1,4,122,2,0,0,,,,,0,-1,13.12,90.6,1495.73,-1,1,571,23.5,-1,23.5,1.3999999999999986,0,0,0,-1,-1,1.106563673599999,,,,,
FF_E5C94FB0321F11EF840541FBD919B19A,1FMCU0H68MUB15692,Ford_pro,2024-06-24T11:50:05.021Z,2024-06-24T12:00:01.092Z,-97.61231833333333,35.60767333333333,-97.57237833333333,35.653526666666664,percentage,76126,76135,9,54.36,0,1,0,2,2,0,0,0,0,-0.1,1,1,-1,-1,1,5,108,3,0,0,30.5,31,30.7,30.5,0,-1,13.27,72.74,1594.59,-1,1,596,24.9,-1,24.9,1.5,0,0,0,-1,-1,1.185603936,,,,,
FF_9E042D13322811EF840541FBD919B19A,1FMCU0H68MUB15692,Ford_pro,2024-06-24T12:52:00.302Z,2024-06-24T12:53:00.747Z,-97.549405,35.633201666666665,-97.54689,35.636878333333335,percentage,76202,76203,1,59.56,0,0,0,0,0,0,0,0,0,0.12,1,1,-1,-1,1,0,0,0,0,0,,,,,0,-1,12.92,88.5,1219,-1,1,60,16.1,-1,16.1,0.09999999999999787,0,0,0,-1,-1,0.07904026239999833,,,,,
FF_858CC11B322611EF840541FBD919B19A,1FMCU0H68MUB15692,Ford_pro,2024-06-24T12:37:00.185Z,2024-06-24T12:51:31.236Z,-97.57376166666667,35.45729,-97.54942666666666,35.627318333333335,percentage,76179,76202,23,95.06,0,0,0,18,14,0,1,0,0,-0.1,0,1,-1,-1,1,1,6,1,1,0,,,,,0,-1,13.17,89.75,1836.69,-1,1,871,16.2,-1,16.2,2.6000000000000014,0,0,0,-1,-1,2.0550468224000014,,,,,
FF_F68AE69B322511EF840541FBD919B19A,1FMCU0H68MUB15692,Ford_pro,2024-06-24T12:33:00.071Z,2024-06-24T12:36:31.192Z,-97.57905,35.41911,-97.570575,35.450738333333334,percentage,76175,76179,4,68.21,0,0,0,1,1,0,0,0,0,-0.06,0,1,-1,-1,1,0,0,1,0,0,,,,,0,-1,13.37,89.5,1739.2,-1,1,211,18.9,-1,18.9,0.40000000000000213,0,0,0,-1,-1,0.3161610496000017,,,,,
FF_4F20401F322311EF840541FBD919B19A,1FMCU0H68MUB15692,Ford_pro,2024-06-24T12:14:00.186Z,2024-06-24T12:32:31.037Z,-97.579025,35.535983333333334,-97.58612333333333,35.41972,percentage,76151,76174,23,74.54,0,0,0,14,13,0,1,0,0,-0.36,1,1,-1,-1,1,1,5,2,1,0,32.2,32.6,31.825000000000003,31.425,0,-1,13.11,89.94,1634.96,-1,1,1111,19.5,-1,19.5,2.8999999999999986,0,0,0,-1,-1,2.2921676095999994,,,,,
FF_AC186490324711EF840541FBD919B19A,1FMCU0H68MUB15692,Ford_pro,2024-06-24T16:34:48.063Z,2024-06-24T16:54:24.034Z,-97.54689,35.636878333333335,-97.61237333333334,35.607866666666666,percentage,76203,76212,9,27.55,0,0,0,3,3,0,0,0,0,-0.04,2,1,-1,-1,1,20,438,1,0,0,32.05,32.1,32.3,31.8,0,-1,13.05,87.7,1221.88,-1,1,1176,13.9,-1,13.9,2.200000000000001,0,0,0,-1,-1,1.738885772800001,,,,,
FF_F92409D2324D11EF840541FBD919B19A,1FMCU0H68MUB15692,Ford_pro,2024-06-24T17:19:54.331Z,2024-06-24T17:43:45.170Z,-97.61237333333334,35.607866666666666,-97.54693166666667,35.636948333333336,percentage,76212,76227,15,37.74,0,0,0,4,3,0,1,0,0,-0.05,2,1,-1,-1,1,12,437,1,1,0,32.575,32.8875,32.175,31.837500000000002,0,-1,13.06,89.87,1408.33,-1,1,1431,11.2,-1,11.2,2.700000000000001,0,0,0,-1,-1,2.1340870848000013,,,,,
FF_E5970F52327711EF840541FBD919B19A,1FMCU0H68MUB15692,Ford_pro,2024-06-24T22:20:00.386Z,2024-06-24T22:33:10.036Z,-97.54693166666667,35.636948333333336,-97.61242,35.607656666666664,percentage,76227,76236,9,41.03,0,0,0,1,0,0,0,0,0,-0.12,2,1,-1,-1,1,7,147,1,0,0,32.15,32.45,32.3,31.950000000000003,789.65,-1,13.12,80.06,1463.43,-1,1,790,9.5,-1,9.5,1.6999999999999993,0,9,0,-1,-1,1.3436844607999994,,,,,
