__VIN,__Trip_ID,__Timestamp,__Perc_Night_Driving,__Harsh_Braking,__Rapid_Acceleration,__Overspeeding ,__Cornering,__Distracted_Driving,__Latitude,__Longitude
********3264,CX9879JL3264,20/06/21 22:36:54,57.00,13,8,7,4,1,-99.91715,43.874812
********5763,CX4149TW5763,30/07/21 19:03:35,23.00,18,12,21,6,2,-99.149097,44.450416
********3880,CX5300DG3880,25/05/21 22:25:31,45.00,11,12,18,3,1,-99.89028,41.009845
********7132,CX1204GB7132,05/07/21 19:31:06,64.00,10,11,10,1,0,-104.387335,41.896513
********1576,CX2056JT1576,05/06/21 18:11:35,41.00,15,8,8,0,1,-98.014909,41.713618
********5425,CX1147QA5425,01/08/21 21:04:05,35.00,4,7,13,3,2,-103.905102,43.716441
********1350,CX1384UU1350,23/07/21 01:53:09,18.00,7,2,13,5,0,-101.724699,44.921875
********5801,CX8041QT5801,02/06/21 08:25:09,43.00,10,6,12,6,0,-100.670509,45.152080
********4021,CX5792AW4021,30/08/21 15:19:18,20.00,16,3,20,3,1,-100.071163,41.966297
********5114,CX7133FW5114,19/06/21 15:15:53,34.00,2,11,19,4,4,-104.605278,44.468984
********8316,CX9067FD8316,04/07/21 17:25:37,59.00,4,0,21,0,0,-98.081198,44.913972
********7041,CX5003LC7041,14/06/21 15:27:39,20.00,16,12,21,3,2,-100.326626,41.797184
********5355,CX6012LB5355,23/05/21 16:46:23,31.00,9,4,20,5,0,-101.093026,44.857949
********7855,CX5498OR7855,28/08/21 13:00:04,2.00,15,12,20,3,2,-98.850496,43.040889
********5725,CX6043KR5725,23/08/21 08:57:50,51.00,11,4,10,4,2,-103.069877,45.585712
********1552,CX5339XL1552,22/07/21 14:19:16,7.00,3,11,11,0,3,-104.705927,42.234760
********4379,CX6336YW4379,30/08/21 07:13:49,61.00,18,4,13,4,3,-100.086881,41.618877
********3695,CX2980UU3695,25/05/21 21:27:44,18.00,12,7,11,1,0,-104.221074,44.215466
********4484,CX5569XE4484,30/05/21 19:06:51,33.00,4,12,18,2,2,-101.1669,42.843037
********1985,CX3613LR1985,30/08/21 03:33:18,36.00,18,10,16,4,3,-104.981842,43.923156
********1061,CX1554WL1061,26/08/21 18:35:38,59.00,10,2,17,2,4,-104.621475,41.356698
********3392,CX4577BJ3392,23/08/21 11:56:12,31.00,13,4,11,5,3,-98.642515,41.809445
********9661,CX5253LJ9661,16/07/21 05:32:06,59.00,18,5,8,3,4,-103.023103,44.765444
********4040,CX1717VJ4040,09/06/21 18:29:46,20.00,3,8,7,5,3,-103.39777,43.833358
********6378,CX3467SR6378,09/08/21 20:19:09,16.00,0,12,7,0,4,-100.864407,44.754479
********9178,CX6572DG9178,31/08/21 01:30:16,63.00,5,7,7,4,4,-103.230041,41.022603
********6418,CX1984RY6418,23/05/21 23:33:06,56.00,11,1,9,2,3,-100.105405,44.641292
********7336,CX8127VS7336,09/07/21 13:29:57,6.00,11,4,11,6,3,-102.160345,45.807087
********8810,CX4776LB8810,26/07/21 15:34:49,20.00,7,7,15,3,2,-104.743797,45.558549
********1204,CX5975IL1204,14/08/21 02:26:04,19.00,9,5,9,2,2,-98.413283,41.073746
********4819,CX5384LD4819,27/08/21 18:16:03,30.00,10,6,20,2,0,-102.151957,42.714195
********6097,CX5410HF6097,22/06/21 08:48:37,23.00,9,0,7,0,3,-99.958346,41.456667
********9189,CX6544AF9189,11/07/21 14:07:17,45.00,8,7,17,6,3,-103.5839,45.602467
********9060,CX295QE9060,06/06/21 08:16:07,36.00,13,1,10,5,4,-102.313285,42.337442
********4655,CX926SP4655,05/06/21 03:17:10,19.00,1,7,17,1,4,-104.505311,45.456249
********7106,CX5448DD7106,26/08/21 21:37:35,11.00,16,13,18,3,4,-98.373231,44.731923
********8233,CX7752QT8233,02/07/21 08:04:40,55.00,17,13,13,1,3,-101.64491,44.977518
********3720,CX6009EW3720,26/08/21 15:59:25,55.00,13,2,7,6,4,-103.816701,44.855295
********9716,CX1160QY9716,06/08/21 13:53:54,48.00,17,8,10,2,0,-99.95251,44.108065
********6528,CX3293HM6528,02/07/21 00:50:37,40.00,14,3,9,2,1,-100.220725,42.556340
********6372,CX5276ZP6372,25/06/21 09:08:48,20.00,15,12,14,1,0,-99.718662,45.479028
********2745,CX2993SW2745,04/08/21 02:19:35,34.00,13,5,15,3,0,-100.361654,41.803525
********3257,CX7958GJ3257,03/08/21 09:55:25,34.00,18,0,10,2,1,-104.11939,43.921611
********2311,CX6426BI2311,03/07/21 23:43:24,59.00,17,10,12,2,4,-103.912645,42.651177
********5803,CX704QQ5803,12/08/21 05:37:42,26.00,17,8,11,0,2,-101.005102,43.367805
********8503,CX8265XE8503,13/08/21 04:37:09,21.00,17,12,16,2,2,-101.887445,45.002936
********5964,CX6888FE5964,18/08/21 23:08:02,9.00,12,9,15,5,0,-104.174562,41.274004
********4117,CX6389EW4117,10/08/21 13:19:47,45.00,8,3,18,6,3,-99.932755,44.311031
********7583,CX8789RB7583,11/08/21 22:22:31,32.00,3,6,8,5,2,-103.426777,44.994584
********8511,CX2908YD8511,12/06/21 18:41:43,57.00,3,9,13,0,0,-101.586236,42.201459
********7424,CX1410VH7424,17/06/21 19:02:54,56.00,7,9,21,0,3,-101.251277,43.107351
********6458,CX5598RJ6458,07/08/21 21:24:39,30.00,14,3,16,6,3,-102.698702,45.573380
********5963,CX317KO5963,06/08/21 01:31:19,58.00,14,9,15,6,2,-101.881682,45.539192
********6185,CX7611GU6185,23/08/21 01:25:46,9.00,9,2,10,1,0,-101.968713,42.383118
********8280,CX5446GZ8280,26/08/21 10:13:51,27.00,16,9,16,2,1,-100.088159,44.553132
********4151,CX3858GC4151,12/08/21 07:44:28,46.00,18,4,9,1,0,-99.890468,44.982953
********5508,CX1303AY5508,29/06/21 19:14:42,7.00,4,6,13,5,2,-104.560481,44.564806
********1060,CX5388BY1060,07/07/21 20:32:52,47.00,2,8,20,4,2,-101.474812,45.841316
********1020,CX885MQ1020,02/08/21 12:40:12,29.00,3,5,21,2,2,-99.503156,43.164971
********3632,CX5375WH3632,06/08/21 13:28:21,61.00,13,5,15,2,4,-99.644781,42.616416
********6782,CX6356CB6782,23/06/21 15:50:22,5.00,5,10,21,1,3,-100.057327,43.337728
********6676,CX9253RD6676,19/06/21 12:17:11,28.00,15,13,19,6,0,-101.142941,42.698952
********9965,CX1826DD9965,17/08/21 14:33:50,3.00,9,12,10,5,2,-104.087735,41.794467
********5009,CX4261QT5009,27/08/21 08:57:38,32.00,11,0,15,2,2,-102.165532,43.361395
********9929,CX5333IT9929,21/07/21 16:10:27,13.00,15,4,9,6,0,-98.336564,41.643214
********5931,CX766QO5931,01/06/21 18:38:05,13.00,5,0,11,1,3,-103.900717,43.917554
********1814,CX642GA1814,25/08/21 15:49:58,45.00,9,13,15,2,4,-98.498299,42.154322
********1717,CX6443WG1717,22/07/21 22:43:22,26.00,18,11,9,0,3,-101.781154,44.967012
********7431,CX712MO7431,09/06/21 02:40:05,7.00,8,0,9,5,1,-101.505695,44.996180
********2855,CX126TS2855,25/06/21 12:05:08,37.00,14,6,7,2,4,-104.686958,45.471758
********6192,CX5826WS6192,31/07/21 08:06:28,34.00,1,7,9,0,4,-99.129822,45.170373
********6682,CX3319XO6682,02/06/21 04:39:24,5.00,3,3,14,2,1,-99.999246,43.581241
********9249,CX8365MF9249,16/06/21 09:28:54,34.00,0,6,20,2,3,-101.132223,42.687021
********6471,CX6639IT6471,22/06/21 23:52:41,20.00,5,13,16,4,2,-98.257464,41.531967
********8163,CX5228EZ8163,12/06/21 09:04:56,29.00,4,1,7,2,2,-100.363041,45.324172
********4833,CX987KM4833,05/08/21 01:52:53,37.00,9,10,7,2,4,-98.456083,42.732670
********3288,CX3167UW3288,22/05/21 14:50:49,47.00,2,10,10,2,0,-102.579408,43.582933
********5476,CX2323HJ5476,05/08/21 08:51:36,17.00,2,7,9,3,0,-100.314089,43.768988
********5562,CX574CH5562,19/08/21 00:50:05,62.00,14,1,20,2,4,-103.391515,42.485797
********2915,CX1742SL2915,10/06/21 21:17:42,38.00,8,2,21,4,4,-103.357846,44.208389
********5461,CX5057KM5461,16/06/21 03:03:13,28.00,10,11,9,2,1,-103.240263,45.109707
********4213,CX7608CD4213,21/08/21 21:53:08,48.00,14,7,11,3,4,-104.350973,44.493819
********8101,CX1400RU8101,12/06/21 16:54:53,20.00,2,10,12,6,2,-100.075514,45.903376
********2468,CX7061NQ2468,11/08/21 10:17:09,50.00,8,9,9,3,1,-99.293295,41.034454
********8453,CX8400HA8453,17/08/21 05:31:58,27.00,12,2,12,1,0,-102.637007,44.944979
********1965,CX426VY1965,23/08/21 10:53:57,35.00,9,13,15,2,2,-103.640759,43.216472
********1216,CX6716PL1216,14/07/21 09:41:27,37.00,16,1,17,1,3,-98.645362,43.262073
********7246,CX8613MZ7246,18/08/21 10:32:08,7.00,17,5,14,6,4,-104.605953,44.301893
********6986,CX9894LO6986,23/06/21 15:39:22,43.00,5,3,9,4,4,-104.953976,42.983408
********9358,CX725WI9358,30/08/21 15:55:35,64.00,4,8,18,6,1,-98.699904,42.735166
********3445,CX3012GG3445,31/07/21 08:38:34,52.00,13,9,11,6,2,-102.891532,44.335037
********5192,CX2921ZX5192,28/07/21 03:49:06,41.00,11,5,20,1,3,-104.991991,41.872875
********4127,CX9009JX4127,07/08/21 22:16:09,22.00,10,11,17,1,3,-100.873208,41.723660
********6692,CX8157WZ6692,02/06/21 08:02:34,27.00,6,6,15,4,3,-98.516572,45.556310
********1481,CX7048WQ1481,07/08/21 22:50:50,20.00,13,0,16,2,3,-98.845,41.058294
********8751,CX2435MS8751,12/06/21 19:43:09,64.00,14,7,19,6,4,-98.140519,45.675259
********8716,CX8398DC8716,07/06/21 21:26:35,55.00,13,13,19,0,3,-102.384015,42.253721
********7474,CX9631EP7474,19/07/21 23:36:13,21.00,11,9,7,5,3,-101.532777,43.931676
********9780,CX5355FM9780,16/06/21 13:23:13,58.00,2,6,14,6,2,-101.196956,45.778675
********9089,CX9721AQ9089,27/08/21 09:09:50,50.00,10,10,11,3,0,-98.754473,45.429809
********4277,CX2571NK4277,12/06/21 11:03:54,24.00,3,11,14,6,4,-102.015583,43.292011
********2258,CX1036TM2258,21/06/21 09:06:04,8.00,14,4,14,6,3,-101.184498,43.166851
********2837,CX7715VR2837,17/08/21 07:23:28,61.00,7,12,13,0,3,-104.24116,45.263054
********5803,CX3771UL5803,30/06/21 19:50:21,41.00,12,7,15,3,4,-104.735392,44.847200
********8292,CX9654FM8292,16/08/21 10:00:10,22.00,15,13,21,2,4,-104.130832,43.906698
********7331,CX8627WJ7331,21/08/21 10:36:22,7.00,11,13,15,5,2,-101.992931,42.164824
********9675,CX7915TN9675,14/06/21 21:24:10,52.00,11,13,7,6,1,-98.617085,44.050044
********5757,CX7970PF5757,16/06/21 15:27:12,19.00,18,10,21,4,3,-100.554163,42.112029
********7477,CX6206FF7477,28/07/21 18:23:14,10.00,18,4,8,6,4,-102.101665,44.993850
********7191,CX9825GT7191,16/08/21 20:23:22,38.00,3,3,8,0,1,-104.015227,44.358205
********2031,CX9503TD2031,06/06/21 16:24:27,49.00,15,11,16,4,2,-102.242405,45.800373
********4909,CX2748KP4909,24/06/21 23:20:42,25.00,13,7,9,5,4,-101.683462,43.357690
********5088,CX9866YK5088,01/08/21 23:24:46,10.00,18,4,19,5,1,-101.420896,42.179795
********9771,CX5738IM9771,30/05/21 08:46:46,41.00,12,2,21,1,0,-101.736474,43.982681
********2940,CX1252ZR2940,20/06/21 11:19:12,28.00,12,0,14,3,1,-101.268902,41.096483
********2825,CX7038OG2825,23/07/21 07:34:58,45.00,8,6,18,4,2,-99.169864,41.168283
********7968,CX3282PE7968,30/07/21 18:15:39,9.00,5,4,11,0,3,-99.495501,44.426913
********7451,CX7285FI7451,21/07/21 02:07:59,65.00,10,9,15,3,4,-102.714612,45.989514
********8251,CX2997SQ8251,28/08/21 12:33:35,59.00,11,12,11,6,0,-102.848948,42.640413
********2971,CX1579DB2971,09/06/21 23:02:30,43.00,14,5,16,1,4,-100.025686,44.820248
********1805,CX9141KF1805,13/08/21 02:22:47,3.00,0,1,11,1,3,-103.03868,41.822057
********6249,CX6799HV6249,04/07/21 13:26:57,45.00,13,9,18,5,3,-103.070257,44.680877
********3791,CX6919FF3791,26/08/21 01:06:24,51.00,10,5,17,3,4,-101.337995,45.324135
********1503,CX6870CN1503,10/07/21 04:36:32,34.00,6,9,19,5,2,-104.919894,42.322465
********3161,CX3248FZ3161,15/08/21 14:24:11,39.00,13,2,18,6,1,-98.849017,43.438270
********5000,CX150RQ5000,05/06/21 07:41:46,2.00,2,11,11,4,2,-100.644855,45.037244
********2830,CX2405SX2830,08/07/21 12:11:08,6.00,3,5,13,2,1,-103.671964,44.856477
********1143,CX179LI1143,09/07/21 23:36:05,42.00,7,3,14,2,0,-102.782886,41.856997
********7353,CX1934GG7353,11/08/21 14:52:48,19.00,3,13,10,2,3,-104.83848,42.724775
********8856,CX8649OX8856,04/07/21 16:30:01,33.00,7,11,13,1,0,-101.401948,45.055352
********8091,CX307WN8091,22/07/21 12:50:47,9.00,10,4,15,5,2,-98.259303,45.880463
********9090,CX7270VV9090,12/06/21 07:31:12,18.00,1,2,17,6,3,-100.299019,42.057247
********5880,CX5438KI5880,01/07/21 19:31:41,3.00,6,2,8,2,1,-99.079855,42.288835
********2757,CX1024GI2757,25/06/21 22:40:12,29.00,0,7,12,0,0,-101.42704,44.426334
********6978,CX39KC6978,28/05/21 17:24:12,25.00,13,9,12,4,1,-103.00217,42.401415
********9375,CX9963XJ9375,26/07/21 07:57:13,26.00,14,7,15,4,1,-100.321209,44.915895
********7301,CX5136KU7301,11/06/21 23:16:26,62.00,6,13,14,6,1,-104.618705,41.419383
********2787,CX2760RV2787,23/07/21 21:58:05,6.00,4,7,16,1,4,-98.467834,42.146480
********6689,CX6724XD6689,24/05/21 11:02:20,19.00,5,11,9,1,0,-103.616528,42.498248
********3817,CX9124OY3817,10/07/21 07:48:07,24.00,3,8,12,4,1,-104.814421,45.757889
********3922,CX6950KE3922,25/05/21 14:43:42,51.00,3,7,8,1,2,-101.537156,41.679415
********6895,CX3725BY6895,29/05/21 12:11:05,60.00,9,11,20,2,2,-99.271186,43.703408
********9082,CX5630BV9082,12/08/21 08:02:13,55.00,1,7,19,4,2,-99.709896,41.629215
********6575,CX3383MW6575,26/07/21 03:03:53,23.00,12,13,12,0,4,-100.887514,44.845607
********1265,CX1957KL1265,17/07/21 02:30:12,3.00,11,3,16,1,0,-103.656482,41.884014
********8926,CX1243DF8926,01/06/21 17:01:36,46.00,12,8,17,3,2,-101.328062,41.302329
********9530,CX7639ME9530,21/08/21 07:58:12,42.00,15,3,11,0,3,-104.616389,41.746737
********1759,CX7169ZW1759,28/05/21 12:01:46,39.00,2,11,7,5,3,-99.550564,44.716120
********4891,CX6911NI4891,29/05/21 11:39:48,47.00,16,6,21,2,3,-103.855162,44.533181
********2899,CX8142NL2899,02/08/21 11:34:19,18.00,7,4,21,2,3,-104.065669,45.819867
********6020,CX502RS6020,06/06/21 03:39:42,15.00,14,7,8,1,0,-98.212692,44.087307
********1012,CX3176ZR1012,19/07/21 19:14:55,43.00,13,10,15,1,0,-98.031242,42.993814
********6512,CX2770YZ6512,06/07/21 20:57:05,9.00,3,0,20,1,2,-104.574749,41.376553
********6311,CX8239JJ6311,01/08/21 17:34:31,5.00,12,10,7,6,3,-99.633924,42.047916
********1730,CX8541OO1730,07/07/21 08:16:25,37.00,14,0,9,5,0,-100.326159,41.117776
********9520,CX9381YD9520,13/08/21 06:11:39,14.00,14,9,20,6,2,-104.229655,43.880422
********9614,CX6683FE9614,22/08/21 16:58:04,22.00,10,7,8,1,2,-98.908188,43.145505
********5302,CX3867VM5302,18/07/21 23:52:11,53.00,10,2,17,1,4,-100.204018,44.651935
********8598,CX8786AC8598,30/08/21 16:52:24,16.00,1,13,18,4,4,-99.548924,41.587126
********8106,CX9984OB8106,20/06/21 21:13:55,50.00,0,7,21,0,2,-98.09482,41.063170
********3341,CX6209VT3341,04/06/21 21:05:51,28.00,11,7,16,6,2,-103.477995,45.010240
********5462,CX3498RR5462,24/05/21 00:31:01,14.00,7,4,21,3,2,-98.725824,41.676855
********6760,CX6158LX6760,12/08/21 11:39:33,52.00,0,2,16,6,4,-102.209195,45.927415
********8155,CX6190CY8155,20/06/21 00:59:55,46.00,16,13,19,0,1,-98.064274,41.944511
********5108,CX3881HJ5108,13/08/21 02:45:19,57.00,16,6,17,1,2,-102.644361,43.995397
********7726,CX7736CR7726,22/06/21 22:17:15,47.00,15,4,18,5,3,-101.351319,43.571068
********7519,CX7189DN7519,25/05/21 02:54:19,23.00,13,8,11,2,3,-104.08364,42.335878
********7941,CX6137TL7941,27/05/21 18:09:50,53.00,3,4,8,6,0,-104.019009,42.675137
********3819,CX920VF3819,03/07/21 22:39:01,41.00,16,2,12,0,1,-99.17474,41.834951
********9199,CX5392GR9199,24/08/21 18:55:38,16.00,3,2,19,3,0,-104.987596,41.340822
********7658,CX4282SC7658,01/07/21 18:03:18,26.00,11,1,11,0,2,-98.012345,44.497449
********7903,CX1198MU7903,30/06/21 08:40:06,7.00,11,12,10,4,2,-98.133843,42.097127
********4466,CX8449RL4466,24/05/21 20:01:57,51.00,4,0,21,1,1,-99.796483,44.567201
********9057,CX1112OT9057,10/08/21 06:46:53,18.00,11,4,12,2,2,-104.884599,44.200393
********9173,CX6205YY9173,23/07/21 17:53:38,6.00,9,4,17,6,4,-98.885127,43.502709
********4001,CX6780IN4001,06/06/21 04:23:13,62.00,12,0,10,3,4,-101.556865,43.576812
********3991,CX3267OS3991,26/06/21 11:39:30,3.00,4,8,8,2,4,-99.623695,45.144381
********9003,CX6070VE9003,31/08/21 19:58:56,59.00,12,8,16,4,1,-99.405412,41.298732
********4828,CX8247AJ4828,22/05/21 20:06:48,50.00,8,2,10,0,1,-98.254322,45.445049
********2346,CX8643XH2346,15/06/21 07:54:32,54.00,6,12,20,5,3,-99.460904,44.158515
********5696,CX4192AC5696,14/06/21 17:47:41,2.00,17,12,16,5,3,-102.820899,43.702507
********6028,CX6549ME6028,12/07/21 13:12:11,17.00,0,9,19,5,3,-102.105233,44.802879
********5986,CX2004JK5986,25/05/21 08:24:50,52.00,15,13,19,6,3,-103.754575,42.300242
********4894,CX9872ET4894,30/07/21 07:17:54,5.00,18,5,15,5,2,-98.395393,43.659961
********8050,CX2150US8050,01/06/21 08:34:03,48.00,4,1,17,3,1,-104.079936,44.262325
********4654,CX4094VF4654,25/05/21 00:45:11,17.00,7,13,13,2,3,-101.094216,44.336671
********3554,CX3772LE3554,10/08/21 11:04:22,39.00,9,13,20,3,0,-98.279551,41.638402
********4651,CX410AG4651,31/08/21 14:28:54,53.00,18,0,12,0,0,-100.697785,44.034567
********3842,CX2202OK3842,13/06/21 01:29:17,22.00,9,6,14,6,1,-102.534592,43.272266
********9335,CX6157AS9335,22/05/21 15:50:01,3.00,15,6,11,0,2,-103.75335,44.829052
********7140,CX9928QG7140,06/06/21 18:59:04,14.00,15,11,9,1,3,-98.317485,42.529405
********9726,CX3742EN9726,01/07/21 02:06:04,21.00,17,3,18,4,2,-100.294422,45.155108
********3542,CX7246UL3542,24/06/21 10:21:29,33.00,10,6,12,0,2,-100.930556,44.381737
********2738,CX9156VJ2738,12/08/21 04:51:17,33.00,12,10,21,1,0,-103.205308,43.047674
********7098,CX5349YR7098,24/05/21 16:50:17,20.00,1,13,10,2,2,-98.449795,43.709299
********1923,CX8800JO1923,10/08/21 16:55:34,45.00,6,12,20,3,4,-101.680111,42.070519
********6843,CX5764OJ6843,26/07/21 23:48:14,44.00,0,10,16,4,3,-104.182037,42.944606
********4299,CX3224RK4299,11/06/21 10:14:09,55.00,2,5,13,2,1,-100.050186,45.867740
********1311,CX1884HV1311,07/08/21 03:21:58,48.00,11,11,9,6,0,-99.790935,41.947842
********1784,CX6029BF1784,09/06/21 01:43:17,55.00,18,2,13,3,2,-103.709364,44.455063
********7482,CX76FX7482,07/07/21 12:28:19,46.00,15,6,18,1,2,-103.469869,41.181646
********8816,CX5523DY8816,11/08/21 08:01:06,34.00,6,7,20,3,0,-104.878713,42.907788
********6959,CX4096BC6959,05/07/21 10:14:40,20.00,16,3,17,3,3,-103.635892,42.155782
********4062,CX8965CB4062,08/06/21 22:41:12,40.00,16,2,9,2,0,-101.332575,42.087121
********4783,CX3699JC4783,10/08/21 16:39:07,36.00,15,11,16,0,4,-102.801001,44.389893
********7164,CX9768RV7164,01/07/21 03:22:39,62.00,1,12,13,5,3,-103.465611,42.967119
********8653,CX3743YC8653,02/06/21 07:37:33,55.00,15,6,16,5,0,-102.203336,45.614880
********6764,CX4810GI6764,11/08/21 18:45:56,10.00,13,2,18,3,4,-101.456617,42.307241
********1859,CX8477IB1859,17/07/21 16:13:55,41.00,9,7,9,5,4,-104.00278,44.787211
********5055,CX5301VT5055,26/06/21 08:50:42,39.00,5,10,17,6,2,-99.512801,41.005066
********3350,CX1824LX3350,31/08/21 18:44:26,4.00,14,5,11,5,0,-99.816562,42.694389
********7150,CX8942QL7150,23/07/21 03:36:24,14.00,7,11,21,5,1,-102.070442,42.118956
********7231,CX4092QX7231,29/06/21 21:20:23,8.00,1,12,17,4,4,-102.161346,44.712266
********7839,CX5595EA7839,13/06/21 21:46:12,48.00,9,11,10,3,2,-104.897155,42.069297
********6141,CX193XM6141,14/07/21 10:20:26,24.00,3,6,11,6,0,-104.240103,44.739757
********1044,CX3327AX1044,19/06/21 00:20:06,38.00,0,8,21,6,4,-102.822648,45.123577
********4986,CX9513ED4986,17/07/21 10:46:44,53.00,15,8,20,5,2,-103.375909,45.321792
********6426,CX1910CE6426,18/06/21 08:39:46,39.00,12,11,8,2,2,-99.716531,41.314740
********6456,CX9979DQ6456,14/07/21 20:24:31,36.00,0,0,15,3,2,-100.735418,41.417270
********3292,CX9878WZ3292,03/08/21 19:06:17,18.00,13,10,11,2,4,-99.047814,43.429699
********2348,CX4495DZ2348,01/06/21 07:04:47,9.00,1,0,12,2,3,-103.438513,45.951089
********4727,CX8978BF4727,04/07/21 08:19:47,35.00,16,12,21,6,1,-101.966049,42.649888
********5909,CX8885IV5909,02/07/21 16:21:54,61.00,10,7,9,6,2,-98.077095,45.287038
********7501,CX4716DL7501,07/07/21 18:32:19,2.00,8,10,13,3,2,-98.511674,42.840452
********9234,CX7014RV9234,09/08/21 23:56:25,21.00,1,1,17,4,0,-98.557004,41.831081
********1387,CX6415HO1387,22/07/21 08:05:47,48.00,17,2,16,6,0,-99.619244,42.654127
********6591,CX9781UD6591,29/06/21 00:25:20,62.00,4,12,17,2,0,-101.890501,43.186693
********2074,CX3582IP2074,14/06/21 11:13:59,34.00,0,7,10,1,4,-102.154127,44.281781
********8588,CX8509CI8588,07/08/21 23:14:47,62.00,4,9,10,5,0,-100.970877,44.901572
********2389,CX1115JG2389,27/07/21 06:04:13,57.00,2,12,15,0,3,-104.907591,43.266318
********4941,CX7726PC4941,08/06/21 21:09:56,7.00,1,11,11,4,4,-100.255341,45.150166
********3512,CX3347WX3512,04/08/21 21:56:28,58.00,17,0,17,6,0,-103.806862,41.080540
********2756,CX6431ZK2756,01/06/21 17:46:34,41.00,5,1,13,4,3,-101.481385,45.069855
********3308,CX7512JN3308,09/08/21 01:36:15,29.00,3,3,19,2,3,-102.238156,45.311999
********7867,CX4453PR7867,19/07/21 09:45:54,9.00,5,2,11,0,3,-98.650281,44.600227
********5365,CX8154CE5365,09/08/21 22:04:24,13.00,6,6,9,5,1,-103.323458,42.503116
********3005,CX9779TT3005,30/05/21 00:59:48,28.00,4,0,17,0,4,-99.289912,43.204329
********4677,CX3236TY4677,22/06/21 15:37:33,63.00,18,4,13,4,2,-101.207368,43.740442
********8082,CX1114RS8082,24/07/21 08:26:28,5.00,7,13,12,3,2,-102.363805,43.501502
********5277,CX5419DV5277,10/07/21 03:30:15,22.00,17,8,21,5,1,-99.5034,42.527210
********5636,CX6041SR5636,24/05/21 19:19:50,20.00,18,2,9,6,0,-101.590778,45.028087
********4846,CX1176RA4846,08/06/21 00:56:55,56.00,4,11,9,5,3,-98.977191,42.392407
********6497,CX3855YZ6497,02/06/21 14:32:33,20.00,14,12,19,1,0,-100.290423,42.675787
********6974,CX4485AY6974,06/07/21 10:51:37,25.00,6,2,15,1,3,-98.340211,43.069327
********6321,CX1604NR6321,22/06/21 22:58:05,11.00,18,4,9,1,2,-99.28875,41.373906
********6958,CX5074MU6958,27/08/21 20:01:23,22.00,18,6,21,1,1,-100.581203,41.166501
********9072,CX7899HK9072,28/07/21 19:04:12,18.00,4,9,16,5,4,-98.141985,45.035259
********3707,CX5947LD3707,01/07/21 20:46:59,51.00,13,2,17,2,0,-104.11926,41.824174
********4962,CX7354UG4962,17/07/21 14:45:01,18.00,0,13,11,0,0,-99.976767,42.109637
********2949,CX6404YT2949,31/05/21 06:23:18,2.00,17,8,16,2,2,-102.139061,44.439963
********6884,CX4813MN6884,26/05/21 01:32:57,40.00,0,13,18,3,4,-98.469388,44.116111
********3481,CX1456DW3481,30/08/21 02:38:30,59.00,6,0,8,5,4,-101.004873,41.646083
********1956,CX9054GL1956,20/07/21 08:16:04,39.00,15,5,18,0,3,-98.243993,42.278745
********3745,CX4235NU3745,02/07/21 04:31:25,7.00,4,13,11,6,1,-102.972222,45.192134
********8531,CX2925SY8531,31/05/21 20:30:38,20.00,3,4,20,1,2,-100.716185,43.614729
********1762,CX8720QE1762,30/06/21 22:31:29,48.00,7,7,14,3,2,-102.363669,41.003028
********7758,CX9550XK7758,25/08/21 16:18:08,64.00,16,4,7,1,1,-99.58671,44.753659
********4304,CX9993NJ4304,24/07/21 07:02:45,40.00,0,8,15,3,3,-100.097773,41.937239
********5521,CX358TB5521,12/06/21 07:55:02,55.00,13,13,15,0,3,-101.217933,43.251646
********8470,CX7371YC8470,30/06/21 01:05:08,35.00,3,6,20,3,4,-104.32291,41.463445
********3207,CX7966MB3207,21/06/21 09:19:18,18.00,1,0,8,3,0,-98.987974,42.599855
********4196,CX4990WP4196,06/07/21 14:51:48,38.00,12,1,10,1,1,-104.594584,43.192317
********4720,CX2093CT4720,30/07/21 03:52:48,44.00,17,9,16,1,4,-104.05027,45.823757
********3705,CX1367PD3705,20/06/21 18:09:05,7.00,8,12,21,2,2,-99.001425,44.950151
********3154,CX4009DU3154,09/07/21 21:00:43,48.00,3,12,21,6,1,-98.929492,41.147441
********2840,CX3893EO2840,24/08/21 00:26:07,36.00,9,2,7,0,3,-98.051487,43.139121
********5092,CX5503WD5092,22/06/21 18:15:55,26.00,14,5,11,6,2,-102.922044,42.096693
********8458,CX1162YY8458,26/08/21 22:26:20,36.00,18,8,19,2,0,-102.560029,44.588873
********4770,CX2722AE4770,06/06/21 21:28:55,42.00,16,8,10,1,1,-102.213531,44.329790
********2103,CX452LK2103,12/06/21 18:15:29,13.00,5,6,13,5,3,-101.358973,44.624009
********8630,CX6402YW8630,20/07/21 01:58:56,18.00,4,10,21,0,2,-103.18436,45.246103
********8276,CX6037BC8276,29/08/21 22:40:50,40.00,9,13,12,3,0,-98.926899,43.002421
********6383,CX7733XB6383,12/07/21 03:26:10,15.00,10,5,12,6,0,-98.069814,42.351822
********5768,CX2095WO5768,30/05/21 02:26:35,36.00,8,8,13,6,0,-99.204006,43.668852
********7884,CX4313WM7884,25/08/21 14:18:38,36.00,9,9,17,0,4,-103.598851,44.889784
********6867,CX6834JA6867,30/08/21 16:47:57,2.00,6,10,12,3,3,-104.854115,43.950152
********8912,CX2828BD8912,25/05/21 23:52:45,27.00,9,4,18,6,3,-98.060389,44.640601
********8925,CX8623BR8925,22/07/21 08:00:49,48.00,11,9,20,2,1,-100.663777,43.869935
********6832,CX6118HW6832,31/05/21 22:08:12,30.00,4,4,16,4,3,-103.454657,41.195826
********9596,CX3389HU9596,03/08/21 03:48:02,57.00,17,6,15,6,0,-102.976793,44.161607
********1233,CX4004CU1233,24/06/21 14:27:52,65.00,6,8,14,0,3,-101.029306,45.713513
********8400,CX7529NF8400,02/06/21 21:32:43,48.00,18,1,11,2,4,-99.661721,44.650190
********2967,CX6940OO2967,13/08/21 08:16:00,18.00,3,11,17,5,4,-98.205092,44.192504
********5237,CX3976MG5237,17/06/21 20:26:09,3.00,6,10,11,5,4,-104.055495,42.097208
********3874,CX4962HE3874,31/07/21 18:47:49,45.00,4,7,16,2,4,-100.015262,45.869217
********8285,CX489XI8285,06/06/21 02:30:02,20.00,17,5,20,2,4,-99.701613,43.939338
********7140,CX5769VM7140,21/08/21 23:23:08,19.00,1,7,11,2,2,-103.456316,41.353184
********7180,CX6566IZ7180,30/05/21 11:59:02,63.00,7,1,7,5,2,-103.767524,45.537605
********2402,CX5387EU2402,25/05/21 07:13:13,36.00,5,11,8,0,0,-101.274724,42.153442
********6273,CX1722KI6273,22/07/21 14:01:43,29.00,17,4,20,5,3,-101.810812,41.200434
********5467,CX9601FM5467,25/05/21 01:11:44,61.00,5,3,7,4,0,-104.367059,43.706983
********6541,CX8891YX6541,02/08/21 19:30:19,7.00,1,4,9,2,3,-102.830228,42.350691
********6852,CX5679UG6852,25/07/21 06:41:49,30.00,3,3,11,5,3,-100.170227,41.110166
********6637,CX3667NC6637,26/06/21 18:32:25,18.00,3,5,12,2,2,-98.944951,45.111679
********2368,CX4555UR2368,23/05/21 02:02:05,31.00,13,13,20,1,0,-98.665971,43.623674
********1924,CX3487YM1924,02/06/21 22:49:48,20.00,7,10,10,1,4,-102.707566,41.085252
********1464,CX5911RG1464,19/06/21 21:17:01,51.00,13,6,19,2,3,-101.300198,42.109292
********5196,CX9067HV5196,19/07/21 08:54:51,8.00,17,8,11,1,1,-102.799252,45.649718
********3044,CX9433LK3044,24/05/21 19:21:08,61.00,10,5,17,0,2,-103.311894,45.776150
********4590,CX1496PE4590,01/08/21 04:16:01,4.00,7,1,17,4,1,-101.292832,45.459655
********3498,CX2626OR3498,26/06/21 21:31:27,42.00,11,7,21,6,2,-98.010395,42.094571
********7303,CX6909UB7303,26/06/21 09:38:33,41.00,9,7,10,0,3,-100.18664,43.443568
********8233,CX4072IN8233,11/08/21 02:18:58,47.00,4,6,12,0,3,-98.122619,44.265064
********4548,CX3055KL4548,07/07/21 16:10:27,54.00,12,0,11,0,0,-104.783166,44.729382
********9140,CX7541QF9140,24/08/21 11:30:38,58.00,15,2,12,4,1,-98.935412,42.846243
********5252,CX6921AS5252,25/06/21 21:30:02,17.00,4,10,9,5,2,-101.668962,42.438367
********9261,CX6303JU9261,21/07/21 01:06:09,43.00,8,0,21,6,3,-102.771206,45.757760
********5292,CX7725LF5292,13/06/21 03:16:59,7.00,9,5,15,4,2,-101.321543,42.545362
********3069,CX9983UL3069,04/07/21 23:30:18,23.00,8,5,12,3,1,-100.431635,42.313180
********8188,CX4416LW8188,25/06/21 09:26:12,24.00,8,0,15,4,2,-99.639222,44.851002
********1014,CX9588IQ1014,27/07/21 16:13:12,25.00,13,1,16,3,3,-99.774949,43.172723
********4869,CX4837EX4869,01/07/21 19:12:55,56.00,12,7,14,1,1,-103.944984,42.023029
********1117,CX2223AS1117,22/07/21 00:15:03,8.00,4,3,17,5,2,-98.984883,41.326941
********7481,CX3699HW7481,08/07/21 12:04:55,12.00,9,0,12,1,1,-100.167724,43.083046
********8512,CX605MK8512,04/06/21 18:31:40,19.00,18,10,8,5,1,-102.910481,43.463379
********8364,CX172UN8364,07/06/21 16:44:06,11.00,10,11,16,4,1,-99.917729,43.111462
********6419,CX8830BD6419,26/08/21 22:13:13,58.00,17,3,18,5,2,-100.619212,45.950190
********4397,CX3759RX4397,17/06/21 06:38:03,50.00,16,10,10,5,4,-101.167897,43.228816
********9840,CX7028DV9840,25/06/21 08:02:12,29.00,15,9,14,6,2,-101.378735,41.241350
********2059,CX7360ZB2059,07/08/21 13:13:07,49.00,13,3,10,0,3,-101.147808,45.064411
********6874,CX6109OP6874,17/07/21 23:03:44,46.00,18,9,7,1,4,-99.612632,42.349918
********6949,CX4134RE6949,21/07/21 14:41:03,51.00,18,10,7,1,3,-102.088172,42.265170
********4249,CX5255VA4249,13/08/21 02:18:46,18.00,11,11,14,4,0,-103.551268,44.651781
********8552,CX5670YU8552,21/06/21 22:05:03,25.00,2,13,17,1,3,-99.436054,45.327430
********6002,CX1646YG6002,29/06/21 21:56:27,59.00,10,10,15,1,4,-103.951771,42.108639
********1016,CX6634ZR1016,10/06/21 09:15:38,51.00,13,11,15,4,2,-100.803191,42.360750
********9883,CX701LO9883,06/06/21 18:28:58,46.00,17,12,15,5,4,-100.715995,43.273803
********9559,CX285FJ9559,14/08/21 06:57:04,23.00,14,9,16,5,2,-98.92317,44.063237
********8689,CX2491MR8689,29/07/21 10:10:45,45.00,1,0,8,4,3,-102.765099,45.904974
********1572,CX6434TQ1572,10/07/21 03:27:24,64.00,17,2,13,3,2,-100.683578,43.562643
********7348,CX3131HP7348,13/07/21 18:18:49,61.00,14,10,17,6,0,-99.470951,42.237880
********4979,CX2305KX4979,06/07/21 14:09:40,13.00,10,6,15,6,3,-100.505812,43.706869
